id,age,genre,revenu,region,ville,arrondissement,accorderie,mapid,address,longitude,latitude
0,81-95,1,0-10000,Fleurimont,,,,0,8I5,-71.85884914137532,45.42112524697673
1,55-65,0,50001-,Brompton,,,,1,8I3,-71.9624273661412,45.48796571434849
2,31-54,1,0-10000,des Nations,,,,2,3W4,-71.9588927431651,45.398987490154234
3,31-54,1,30001-50000,Brompton,,,,3,6R1,-71.9173768635841,45.469853956884116
4,31-54,1,10001-20000,Mont-Bellevue,,,,4,2M5,-71.91749311623506,45.36885664100242
5,31-54,0,50001-,Saint-Élie,,,,5,7O7,-72.01438830815133,45.38636417753027
6,31-54,0,0,Brompton,,,,6,6Y6,-71.92668895219612,45.47096265384866
7,31-54,1,,Saint-Élie,,,,7,1W8,-72.03489850475941,45.37528686882299
8,31-54,1,10001-20000,des Nations,,,,8,9X9,-71.93506564270886,45.41410788531188
9,31-54,1,0,Saint-Élie,,,,9,7M5,-72.02650721540321,45.42973778506743
10,66-80,0,,Fleurimont,,,,10,5O3,-71.8816454436362,45.40293721441088
11,31-54,1,50001-,Brompton,,,,11,2K7,-71.98507194406169,45.46697572571497
12,31-54,1,50001-,Saint-Élie,,,,12,9L5,-72.05079782413594,45.389469410612286
13,66-80,1,30001-50000,des Nations,,,,13,9W3,-71.96090851443572,45.401710392113486
14,31-54,0,0,Brompton,,,,14,2F3,-71.99053266707598,45.49028644239006
15,66-80,1,,Brompton,,,,15,3B5,-71.95924790951115,45.478320106016184
16,66-80,0,0-10000,des Nations,,,,16,4T1,-71.92845748191455,45.41703254298741
17,55-65,1,0,Saint-Élie,,,,17,3O4,-71.99339728636924,45.4387465557438
18,66-80,0,0,des Nations,,,,18,2W7,-71.95494878857286,45.40645125779455
19,66-80,1,30001-50000,Fleurimont,,,,19,2B6,-71.84982107350301,45.44097885239828
20,31-54,0,30001-50000,Lennoxville,,,,20,3N8,-71.85583253056095,45.36534738385282
21,31-54,1,50001-,des Nations,,,,21,2I3,-71.92504091076925,45.40310841680386
22,31-54,0,50001-,des Nations,,,,22,5I3,-71.92854387230744,45.40651649523443
23,31-54,0,10001-20000,Fleurimont,,,,23,1X7,-71.8451884583948,45.40819086954753
24,55-65,1,0-10000,des Nations,,,,24,6L5,-71.91000964817724,45.40295746584882
25,66-80,1,50001-,Lennoxville,,,,25,7K9,-71.81789429618824,45.361747231590044
26,66-80,1,0-10000,Lennoxville,,,,26,6O8,-71.83044611896963,45.37431239207819
27,31-54,0,0,Fleurimont,,,,27,4I4,-71.88329731559672,45.423431491735634
28,66-80,0,30001-50000,Saint-Élie,,,,28,1H9,-72.03290241421097,45.41547276467695
29,31-54,1,50001-,Fleurimont,,,,29,5T5,-71.87441750645144,45.41670965050196
30,31-54,1,,Brompton,,,,30,8G2,-71.98645789181656,45.489933391624724
31,31-54,1,50001-,des Nations,,,,31,5V4,-71.9553434021696,45.42874925720158
32,31-54,1,0-10000,Mont-Bellevue,,,,32,3M5,-71.93738973716141,45.36941875106676
33,55-65,1,,Fleurimont,,,,33,2E4,-71.88270237149499,45.423897876049786
34,31-54,1,,Mont-Bellevue,,,,34,9K8,-71.91293802822173,45.37117655843873
35,31-54,0,0,Brompton,,,,35,5X5,-71.94950726598884,45.473616637221824
36,66-80,1,50001-,Saint-Élie,,,,36,5U6,-71.98902730806921,45.38689741995672
37,66-80,1,0-10000,Mont-Bellevue,,,,37,3K8,-71.90092921421305,45.386558571027656
38,31-54,1,0-10000,Brompton,,,,38,6S9,-71.96252116166376,45.4763315279229
39,31-54,1,50001-,Lennoxville,,,,39,3T5,-71.81880815787962,45.36611519121021
40,31-54,0,,Saint-Élie,,,,40,6N2,-72.05078574412317,45.376516600968706
41,66-80,1,0-10000,Lennoxville,,,,41,9A9,-71.81920001451832,45.3754562817688
42,31-54,0,50001-,Brompton,,,,42,9H2,-71.93762083723135,45.48691892972151
43,66-80,1,0-10000,Saint-Élie,,,,43,1C9,-72.0566046589081,45.392093145776634
44,31-54,1,50001-,Fleurimont,,,,44,9E6,-71.85866277645573,45.416976117608556
45,55-65,1,0-10000,des Nations,,,,45,3I6,-71.94580795532539,45.40328890312102
46,31-54,0,,Fleurimont,,,,46,9G1,-71.84644809081618,45.40477859084904
47,66-80,1,20001-30000,Mont-Bellevue,,,,47,2D8,-71.91434610199474,45.390303189738674
48,55-65,0,0,Brompton,,,,48,4Q6,-71.94162682581215,45.484747622723525
49,31-54,0,10001-20000,des Nations,,,,49,7G3,-71.962344191657,45.4178095278959
50,66-80,0,30001-50000,Brompton,,,,50,1V2,-71.9246045249789,45.46326344584761
51,81-95,1,0,des Nations,,,,51,3L3,-71.92731272259583,45.43292633461673
52,66-80,0,,des Nations,,,,52,3Q6,-71.9155194305256,45.40320260651664
53,55-65,1,0-10000,des Nations,,,,53,8B5,-71.91181237037527,45.41537902188592
54,66-80,0,20001-30000,Saint-Élie,,,,54,4R2,-72.06456231092108,45.42772367166566
55,66-80,0,30001-50000,Mont-Bellevue,,,,55,1E9,-71.90432025974117,45.38707697754586
56,55-65,0,50001-,Fleurimont,,,,56,2U8,-71.88249743091387,45.42730773037439
57,31-54,0,20001-30000,des Nations,,,,57,5P1,-71.96369855469689,45.42520215836893
58,31-54,1,30001-50000,Mont-Bellevue,,,,58,8I3,-71.93289726764662,45.37184985152942
59,55-65,1,10001-20000,Mont-Bellevue,,,,59,8G8,-71.93105467042548,45.36985610617173
60,66-80,0,,Lennoxville,,,,60,2E2,-71.84374892989055,45.3590211526545
61,31-54,1,50001-,Brompton,,,,61,2U9,-71.92299831127458,45.46473349349018
62,66-80,0,30001-50000,Mont-Bellevue,,,,62,3X7,-71.92000484159031,45.3824876426382
63,66-80,0,,Lennoxville,,,,63,2K6,-71.83756961609596,45.368203944021154
64,55-65,0,0-10000,des Nations,,,,64,1O3,-71.93368387537126,45.41984242535312
65,66-80,0,0,Brompton,,,,65,1K1,-71.98922877142846,45.48473086410813
66,81-95,0,,Mont-Bellevue,,,,66,6U6,-71.94215951848928,45.382350165252184
67,66-80,0,0,Brompton,,,,67,7O4,-71.92962061499298,45.476774318215305
68,66-80,0,0,Saint-Élie,,,,68,5N1,-72.03805552380491,45.41809518318372
69,31-54,1,30001-50000,Brompton,,,,69,2O4,-71.94686828504013,45.501245445821894
70,31-54,0,10001-20000,des Nations,,,,70,2R2,-71.93286126743838,45.42646388463003
71,31-54,0,,Lennoxville,,,,71,5C3,-71.8470239048186,45.36498257075628
72,31-54,1,50001-,Saint-Élie,,,,72,9S4,-72.00668832174026,45.392339030472755
73,81-95,0,20001-30000,Lennoxville,,,,73,8L6,-71.84457404673272,45.37069742142199
74,31-54,1,30001-50000,Lennoxville,,,,74,2T9,-71.87225249947424,45.37757323318319
75,31-54,0,30001-50000,Fleurimont,,,,75,5V8,-71.87876434321514,45.41155944651019
76,31-54,0,,Lennoxville,,,,76,2B9,-71.8337747014628,45.37963434416698
77,55-65,0,0,Saint-Élie,,,,77,4D4,-72.01880859605414,45.41808384910765
78,31-54,1,50001-,Brompton,,,,78,1N6,-71.94292023419186,45.4960607241222
79,55-65,1,30001-50000,Saint-Élie,,,,79,6E1,-72.03518826129864,45.4293512839978
80,31-54,0,0,Lennoxville,,,,80,1U8,-71.81926957068067,45.37315375178397
81,31-54,1,20001-30000,Lennoxville,,,,81,4F2,-71.84651742141881,45.37810250121644
82,31-54,1,30001-50000,des Nations,,,,82,6P6,-71.9238886751493,45.39823667032643
83,55-65,0,0-10000,Lennoxville,,,,83,7K9,-71.8307885250895,45.36057471238341
84,31-54,1,10001-20000,Saint-Élie,,,,84,8W5,-72.02452798415734,45.42682531562146
85,31-54,0,10001-20000,Brompton,,,,85,5Y1,-71.97666376891728,45.47130614140851
86,31-54,1,50001-,Mont-Bellevue,,,,86,8X5,-71.90964799735154,45.37463585674194
87,81-95,0,0-10000,Fleurimont,,,,87,8E8,-71.87852313008679,45.424270247438244
88,66-80,1,50001-,Mont-Bellevue,,,,88,1O9,-71.91070154784748,45.38980260004116
89,81-95,0,50001-,Fleurimont,,,,89,9V8,-71.87473172294752,45.42604533596426
90,66-80,1,50001-,Fleurimont,,,,90,2E8,-71.84236867661508,45.402012275604086
91,66-80,1,10001-20000,Brompton,,,,91,1Y6,-71.99824244122303,45.48066418616254
92,66-80,1,0-10000,des Nations,,,,92,9T2,-71.92439534311717,45.417887000438164
93,66-80,1,30001-50000,Brompton,,,,93,4P3,-71.98665632847339,45.46346963727942
94,66-80,1,,Mont-Bellevue,,,,94,4V3,-71.92296824298468,45.366127603636755
95,55-65,1,20001-30000,des Nations,,,,95,4U1,-71.93874025909582,45.399432515991805
96,55-65,0,30001-50000,Saint-Élie,,,,96,8A2,-72.02131756829442,45.40455645017429
97,81-95,1,,Brompton,,,,97,5P3,-71.9735580815107,45.48750752242533
98,31-54,1,50001-,Saint-Élie,,,,98,2F9,-72.03737541922592,45.42305671457361
99,31-54,0,,Saint-Élie,,,,99,7U8,-72.03549291032563,45.385656215431545
100,55-65,0,50001-,Mont-Bellevue,,,,100,6E6,-71.91097228502393,45.38799431200736
101,66-80,0,0,Mont-Bellevue,,,,101,2H7,-71.90401817736658,45.39266760927451
102,66-80,1,0,des Nations,,,,102,1Q7,-71.91991186249106,45.406530216014005
103,55-65,0,10001-20000,Lennoxville,,,,103,5M1,-71.82987332724035,45.359949625303344
104,31-54,1,20001-30000,Mont-Bellevue,,,,104,2X2,-71.91340496942989,45.36712475250019
105,66-80,0,30001-50000,Mont-Bellevue,,,,105,6C4,-71.94359513745437,45.38387759772032
106,31-54,0,30001-50000,Brompton,,,,106,4G6,-71.90416637167063,45.4781894833142
107,55-65,0,50001-,des Nations,,,,107,8I1,-71.91808048818898,45.42822622970055
108,55-65,0,,Fleurimont,,,,108,5C5,-71.88428628717305,45.41998418062429
109,66-80,1,50001-,des Nations,,,,109,3S8,-71.94163128713006,45.40712840269608
110,31-54,1,20001-30000,des Nations,,,,110,1P6,-71.95767377086852,45.41722247581735
111,55-65,0,0-10000,des Nations,,,,111,7R3,-71.96674098140102,45.40742106723104
112,31-54,0,20001-30000,Fleurimont,,,,112,6P8,-71.88472585015697,45.403027546297
113,66-80,1,50001-,Saint-Élie,,,,113,6T8,-71.98987259123969,45.3726798539133
114,66-80,1,10001-20000,Brompton,,,,114,4V1,-71.90421667949875,45.46910375399997
115,31-54,0,20001-30000,Mont-Bellevue,,,,115,6T4,-71.89988269981691,45.38640233452513
116,66-80,1,30001-50000,Saint-Élie,,,,116,2D4,-72.01773035792192,45.390893836598465
117,31-54,1,10001-20000,Mont-Bellevue,,,,117,4I4,-71.94633377267216,45.39006752863712
118,55-65,1,30001-50000,des Nations,,,,118,2D3,-71.96552410489254,45.39838658542707
119,66-80,1,0-10000,Lennoxville,,,,119,7Y6,-71.84892749195181,45.37113116733177
120,31-54,0,50001-,des Nations,,,,120,7K3,-71.95987739814919,45.40585106615598
121,66-80,0,10001-20000,Brompton,,,,121,2U4,-71.99056887968229,45.46552872470973
122,31-54,1,0,Fleurimont,,,,122,3R4,-71.85731992876813,45.410566600383866
123,66-80,1,,des Nations,,,,123,2W9,-71.93044740718769,45.40515947055006
124,66-80,0,0-10000,Mont-Bellevue,,,,124,1I4,-71.91216854809961,45.38849661109251
125,31-54,1,10001-20000,Fleurimont,,,,125,5G5,-71.88003220484259,45.40606995907206
126,55-65,1,,Fleurimont,,,,126,9F6,-71.84816926413899,45.41181200474144
127,55-65,0,50001-,Saint-Élie,,,,127,3L7,-72.02396371050776,45.41373236651046
128,31-54,0,50001-,Mont-Bellevue,,,,128,1F4,-71.92855611844422,45.36462041620507
129,81-95,0,10001-20000,Brompton,,,,129,4B5,-71.91560494075884,45.46668927901258
130,31-54,0,0,Brompton,,,,130,9L6,-71.92663301979651,45.4678066401569
131,66-80,0,10001-20000,Fleurimont,,,,131,1L6,-71.84476085464054,45.420682343098875
132,66-80,0,20001-30000,Lennoxville,,,,132,2L9,-71.81630704312853,45.36287374937098
133,55-65,1,50001-,des Nations,,,,133,2M1,-71.92325212274727,45.40238527515612
134,31-54,1,20001-30000,Fleurimont,,,,134,7Y5,-71.83929314114515,45.41888396192206
135,31-54,1,0-10000,Brompton,,,,135,7R3,-71.96401335694114,45.475034683451156
136,31-54,0,20001-30000,Brompton,,,,136,2S2,-71.95156205180562,45.47719738370958
137,31-54,0,20001-30000,des Nations,,,,137,7T4,-71.9655860061792,45.41918432812996
138,31-54,0,50001-,Mont-Bellevue,,,,138,5W1,-71.9146164505505,45.37771285257897
139,31-54,1,0-10000,des Nations,,,,139,1K9,-71.9633061926228,45.40664387062131
140,31-54,0,0,Saint-Élie,,,,140,8H1,-72.03444797953047,45.401367746253676
141,31-54,0,0-10000,Lennoxville,,,,141,3B7,-71.84472233988657,45.35750362678436
142,31-54,0,50001-,Brompton,,,,142,9G4,-71.95946801016025,45.47945458756248
143,66-80,1,0-10000,Fleurimont,,,,143,1P9,-71.83851598419332,45.440900627869766
144,66-80,1,,Lennoxville,,,,144,3P8,-71.8409905887647,45.36981656623816
145,66-80,1,,Brompton,,,,145,5C5,-71.9629989526401,45.49877616512603
146,31-54,0,10001-20000,Fleurimont,,,,146,6G5,-71.88267392830731,45.409695571250644
147,66-80,0,0,Brompton,,,,147,6O7,-71.99127162283823,45.48591270570677
148,81-95,1,50001-,Saint-Élie,,,,148,6G2,-72.00830712994882,45.37078386353826
149,31-54,0,0,Lennoxville,,,,149,3C2,-71.85750169878898,45.36880289115054
150,55-65,0,0,Fleurimont,,,,150,9H2,-71.88255614455554,45.41146925776359
151,31-54,1,,Mont-Bellevue,,,,151,8F3,-71.92098539888106,45.383353405925696
152,31-54,0,20001-30000,des Nations,,,,152,1W7,-71.94463929595766,45.41576185563644
153,31-54,1,30001-50000,Mont-Bellevue,,,,153,6W8,-71.91364561424199,45.37961461817898
154,55-65,0,,des Nations,,,,154,2V8,-71.95084114704605,45.397475346427946
155,31-54,1,20001-30000,Brompton,,,,155,1K4,-71.91753931771666,45.469088123158066
156,31-54,0,0,Brompton,,,,156,7S8,-71.99363151671687,45.4672029858293
157,55-65,0,,Brompton,,,,157,9Q8,-71.94408331423901,45.47931200268045
158,55-65,0,0,Brompton,,,,158,3X7,-71.9379232425886,45.472396008106465
159,31-54,1,30001-50000,Saint-Élie,,,,159,3I5,-71.99254674892711,45.38023576903538
160,31-54,0,20001-30000,Lennoxville,,,,160,6V2,-71.84930901862603,45.3757701120617
161,66-80,1,20001-30000,des Nations,,,,161,7S3,-71.9630186808347,45.40202631733939
162,31-54,0,,Mont-Bellevue,,,,162,9E2,-71.90725259914588,45.38625607265254
163,81-95,0,30001-50000,Saint-Élie,,,,163,3S3,-72.05979598773818,45.42132255639265
164,55-65,1,10001-20000,Lennoxville,,,,164,2M9,-71.84022687417632,45.37010674903963
165,55-65,1,0,Fleurimont,,,,165,2B8,-71.83613126368563,45.4228462902452
166,31-54,1,20001-30000,Brompton,,,,166,9B3,-71.98027153944282,45.46846082062615
167,55-65,0,0,Lennoxville,,,,167,7N2,-71.85466644213098,45.35697593287478
168,31-54,0,0,Saint-Élie,,,,168,1I7,-72.04692434374067,45.414634208578136
169,55-65,1,50001-,Saint-Élie,,,,169,8V5,-72.04174797942532,45.37516309870654
170,66-80,1,50001-,des Nations,,,,170,8R3,-71.95517241787763,45.41915594057029
171,55-65,1,,Lennoxville,,,,171,4S3,-71.87201462080264,45.37780991832922
172,31-54,0,20001-30000,Mont-Bellevue,,,,172,4S5,-71.92709460026241,45.365991833372036
173,31-54,1,10001-20000,Fleurimont,,,,173,2T4,-71.86006740833155,45.402648083444355
174,66-80,1,20001-30000,Lennoxville,,,,174,1X1,-71.87075465385747,45.377351231998475
175,66-80,0,20001-30000,Saint-Élie,,,,175,6F1,-71.98888012359511,45.37470675232092
176,66-80,1,,Mont-Bellevue,,,,176,4A3,-71.89862931042718,45.375676832788855
177,66-80,1,30001-50000,Brompton,,,,177,4T9,-71.91577840243193,45.48596482236493
178,66-80,1,,Mont-Bellevue,,,,178,8C9,-71.90903284290006,45.368010390476
179,66-80,0,20001-30000,Brompton,,,,179,2Q8,-71.94230821520718,45.493551945283336
180,31-54,1,0,Brompton,,,,180,4S7,-71.99670435343558,45.49064069907368
181,66-80,1,30001-50000,des Nations,,,,181,7N1,-71.96413398690107,45.42064445521039
182,66-80,0,30001-50000,des Nations,,,,182,7E5,-71.91618741084476,45.429901773459214
183,31-54,0,30001-50000,des Nations,,,,183,2N8,-71.92099573552525,45.40706293777998
184,81-95,1,30001-50000,Brompton,,,,184,1L6,-71.9641837973796,45.494556399418755
185,66-80,1,20001-30000,Lennoxville,,,,185,6X3,-71.8318040591497,45.38103663882081
186,31-54,1,,des Nations,,,,186,8H1,-71.94270262665145,45.43282874417246
187,81-95,0,0,Fleurimont,,,,187,6T5,-71.85691899532463,45.40577294285145
188,31-54,1,0,des Nations,,,,188,2E8,-71.96028670349337,45.415631255875994
189,66-80,1,0,des Nations,,,,189,1N4,-71.93708563456516,45.41180808982505
190,55-65,1,0,Brompton,,,,190,9W5,-71.91762959702132,45.473392692178734
191,66-80,1,,Fleurimont,,,,191,5T3,-71.85716268814173,45.42815783160784
192,66-80,1,10001-20000,Fleurimont,,,,192,7W6,-71.88022860936519,45.40191133680154
193,31-54,0,50001-,des Nations,,,,193,4Y8,-71.93844238050991,45.3978095483627
194,31-54,0,,Fleurimont,,,,194,3N7,-71.84270023501347,45.42691367389714
195,31-54,0,0,Lennoxville,,,,195,4I2,-71.81819223100831,45.36436976999137
196,31-54,1,,Saint-Élie,,,,196,9G8,-71.9985233694294,45.39555158110143
197,31-54,1,30001-50000,Lennoxville,,,,197,9G7,-71.86735585409772,45.37104389666322
198,55-65,1,10001-20000,Fleurimont,,,,198,5W5,-71.87242988290885,45.435132589528
199,31-54,1,50001-,Mont-Bellevue,,,,199,6T2,-71.89994210071674,45.378842393644014
200,55-65,1,,Brompton,,,,200,5O3,-71.9516203102463,45.48336055538006
201,31-54,0,0,Fleurimont,,,,201,7E3,-71.8481874659553,45.41760874485013
202,66-80,0,0,Lennoxville,,,,202,5S7,-71.84854996277255,45.35429696421413
203,31-54,1,,Saint-Élie,,,,203,2K1,-72.00690176365494,45.42427477188395
204,55-65,0,0-10000,Lennoxville,,,,204,2K7,-71.86933488294912,45.35687325131959
205,31-54,0,,Brompton,,,,205,7Y9,-71.93057685305024,45.46868850337002
206,66-80,1,20001-30000,Saint-Élie,,,,206,8U1,-72.03317504935694,45.375642400527234
207,66-80,0,50001-,des Nations,,,,207,2V4,-71.94558436753042,45.422767815622684
208,55-65,0,30001-50000,Saint-Élie,,,,208,4H2,-72.04702035413949,45.39004313857888
209,31-54,0,30001-50000,Fleurimont,,,,209,4Y3,-71.87354299496569,45.43939954669294
210,66-80,0,0,Mont-Bellevue,,,,210,5Y8,-71.9303329465056,45.380157299698105
211,66-80,0,0-10000,Lennoxville,,,,211,7D5,-71.83834246444809,45.378167222370394
212,66-80,0,,Brompton,,,,212,2H2,-71.96532445359128,45.498206234889786
213,66-80,0,,des Nations,,,,213,9D2,-71.9508320531503,45.40380520430369
214,55-65,0,10001-20000,Mont-Bellevue,,,,214,6W7,-71.92540519947045,45.38478627731514
215,55-65,0,10001-20000,des Nations,,,,215,8D8,-71.92701663224221,45.427389864782924
216,55-65,1,30001-50000,Mont-Bellevue,,,,216,8C2,-71.93437199811207,45.37082372202091
217,81-95,1,30001-50000,Fleurimont,,,,217,8R4,-71.84555661608859,45.40500495807002
218,81-95,0,10001-20000,Fleurimont,,,,218,2S7,-71.86677164667817,45.414137703604794
219,31-54,1,50001-,Lennoxville,,,,219,6I3,-71.86033686755376,45.38367067745317
220,31-54,1,10001-20000,Brompton,,,,220,6A5,-71.96671537376781,45.50017456184939
221,31-54,0,0-10000,Saint-Élie,,,,221,4O9,-72.01073717882787,45.43891183172918
222,66-80,1,20001-30000,Lennoxville,,,,222,8S4,-71.84030471079929,45.380123922627085
223,31-54,0,50001-,Saint-Élie,,,,223,8S5,-72.04555831378563,45.41586525350349
224,55-65,1,20001-30000,Saint-Élie,,,,224,3B5,-72.02912266458588,45.37201999482502
225,81-95,0,0-10000,Lennoxville,,,,225,2L9,-71.86797597438297,45.36733830786353
226,55-65,0,0,Brompton,,,,226,5E8,-71.90760875498688,45.49307009587076
227,31-54,0,30001-50000,Brompton,,,,227,2U1,-71.91303100486326,45.501353300760364
228,66-80,0,,Lennoxville,,,,228,6Y3,-71.83607095347591,45.365765393673286
229,66-80,0,,des Nations,,,,229,7N4,-71.94860841159601,45.42334424084913
230,55-65,1,30001-50000,Fleurimont,,,,230,2A8,-71.86230834660164,45.4259796473978
231,31-54,0,0-10000,Saint-Élie,,,,231,4X5,-72.0478761465669,45.43445344508144
232,31-54,1,,Mont-Bellevue,,,,232,8W9,-71.9299262046884,45.37935026526221
233,66-80,0,10001-20000,Lennoxville,,,,233,9X8,-71.83670856282026,45.370356902590295
234,66-80,0,50001-,Fleurimont,,,,234,9R1,-71.87517610600344,45.40824140323568
235,66-80,0,50001-,Lennoxville,,,,235,7K1,-71.84538938638863,45.359024157281446
236,81-95,1,30001-50000,Fleurimont,,,,236,3N8,-71.8806968798813,45.4012169240234
237,55-65,1,50001-,Mont-Bellevue,,,,237,2W4,-71.94586653128749,45.385114700218
238,66-80,0,0,Mont-Bellevue,,,,238,3A4,-71.93832996425051,45.3834283022308
239,31-54,0,,Fleurimont,,,,239,2A3,-71.87499576923334,45.40840122857571
240,55-65,0,50001-,des Nations,,,,240,5I8,-71.96715482424204,45.39825997666874
241,31-54,1,10001-20000,des Nations,,,,241,1L9,-71.91033366576701,45.41631148719737
242,31-54,0,50001-,Fleurimont,,,,242,4Y7,-71.8752877767755,45.42100897171424
243,55-65,0,0,des Nations,,,,243,6C2,-71.96800145193593,45.40770497822714
244,31-54,1,50001-,Brompton,,,,244,9H6,-71.94230259078851,45.47109858580351
245,66-80,0,30001-50000,Brompton,,,,245,6C1,-71.91445967453078,45.4751093727522
246,66-80,0,10001-20000,des Nations,,,,246,7Q6,-71.94419901748344,45.43266746299819
247,66-80,1,50001-,Saint-Élie,,,,247,8W3,-72.06458378522142,45.433145137923816
248,31-54,0,20001-30000,Mont-Bellevue,,,,248,2I6,-71.90340248203631,45.36443417547316
249,55-65,1,20001-30000,Mont-Bellevue,,,,249,6M5,-71.94177477051043,45.38599005908236
250,66-80,1,0-10000,Brompton,,,,250,5W6,-71.93654678628091,45.492539934279634
251,55-65,1,50001-,Brompton,,,,251,8N2,-71.97504981557596,45.4724179871002
252,66-80,0,0-10000,Lennoxville,,,,252,1S6,-71.86153266169869,45.36129131146533
253,55-65,1,10001-20000,Fleurimont,,,,253,9Q6,-71.86683369966163,45.41607696387733
254,31-54,0,20001-30000,Mont-Bellevue,,,,254,5I8,-71.93633393737599,45.39314499150387
255,31-54,0,30001-50000,Fleurimont,,,,255,5P8,-71.85276230957525,45.43476982784162
256,55-65,1,20001-30000,Saint-Élie,,,,256,5F2,-72.05576018203453,45.42469174190171
257,55-65,1,30001-50000,Brompton,,,,257,9D9,-71.92277402724683,45.476218334078276
258,55-65,0,10001-20000,Mont-Bellevue,,,,258,4G1,-71.94559109143368,45.3695503119673
259,31-54,0,50001-,Fleurimont,,,,259,9Q4,-71.88475194551998,45.41816280059034
260,31-54,0,,Saint-Élie,,,,260,9W5,-72.04951767343084,45.389675360985805
261,55-65,1,,Saint-Élie,,,,261,2H4,-72.01456756487767,45.38528085835044
262,31-54,1,50001-,Mont-Bellevue,,,,262,3U2,-71.92059026463066,45.376724082633075
263,55-65,1,0,Fleurimont,,,,263,2W8,-71.86451098542693,45.42317402800221
264,81-95,1,0-10000,des Nations,,,,264,8F6,-71.92966384224164,45.42531565788357
265,31-54,1,0-10000,Brompton,,,,265,2G6,-71.91702615385663,45.49177216977505
266,55-65,0,20001-30000,Lennoxville,,,,266,8F1,-71.84560117775057,45.377122930194496
267,31-54,0,30001-50000,Brompton,,,,267,8Q4,-71.97676576893316,45.48210347122551
268,55-65,1,30001-50000,des Nations,,,,268,9G7,-71.95265173587723,45.42216288458972
269,31-54,0,,des Nations,,,,269,5D8,-71.94673663691641,45.42015681544561
270,31-54,0,,Mont-Bellevue,,,,270,8N6,-71.92535238664696,45.36955830897599
271,31-54,1,0,Fleurimont,,,,271,1D4,-71.86054952546148,45.43526794824328
272,66-80,1,,Mont-Bellevue,,,,272,2G4,-71.92129598913738,45.392910525993756
273,66-80,0,0,Saint-Élie,,,,273,6Q3,-72.0052879117705,45.40694354855958
274,31-54,0,20001-30000,Lennoxville,,,,274,4G1,-71.81560198763232,45.37241683459351
275,55-65,1,10001-20000,Brompton,,,,275,5Q3,-71.99085388501177,45.4722673976255
276,31-54,1,0,Fleurimont,,,,276,9N2,-71.85929694643352,45.40189218005728
277,55-65,0,0,Mont-Bellevue,,,,277,5G5,-71.94542343015301,45.39274129799242
278,31-54,1,50001-,Mont-Bellevue,,,,278,5I2,-71.91476437917188,45.378504371843796
279,31-54,1,,des Nations,,,,279,1W5,-71.91446426657889,45.40171738013105
280,55-65,1,30001-50000,Saint-Élie,,,,280,2A6,-71.99974093960643,45.38411679819121
281,31-54,1,10001-20000,Lennoxville,,,,281,7L7,-71.81508593805022,45.35602485181043
282,66-80,0,10001-20000,Brompton,,,,282,1I2,-71.99106400698604,45.49979556368244
283,66-80,0,10001-20000,Brompton,,,,283,3S2,-71.96739992835536,45.49575356072832
284,66-80,1,,des Nations,,,,284,4P9,-71.9607115174098,45.42036853133727
285,66-80,0,0,Brompton,,,,285,2Y1,-71.99626226455256,45.4816337013403
286,31-54,0,10001-20000,Lennoxville,,,,286,2B1,-71.84020226607684,45.38324633897758
287,31-54,1,50001-,des Nations,,,,287,2N8,-71.91271455964493,45.427911960029164
288,55-65,0,10001-20000,Mont-Bellevue,,,,288,5T3,-71.91829427809705,45.378908856594734
289,31-54,0,30001-50000,Brompton,,,,289,6A7,-71.98511425899999,45.49352443866909
290,55-65,0,30001-50000,Mont-Bellevue,,,,290,8C3,-71.91239781500903,45.37623288113501
291,66-80,0,,Mont-Bellevue,,,,291,4P2,-71.91626302546533,45.36460518937189
292,66-80,1,10001-20000,Saint-Élie,,,,292,1P8,-72.03201839102509,45.42236980738774
293,55-65,1,50001-,des Nations,,,,293,4X8,-71.94915211433344,45.40295174737964
294,66-80,1,20001-30000,des Nations,,,,294,5A6,-71.91534294836596,45.42274254879296
295,66-80,1,0,Saint-Élie,,,,295,9S6,-72.05298597774781,45.3905677659415
296,31-54,1,50001-,Brompton,,,,296,4W3,-71.97724526276323,45.48191532113401
297,66-80,1,30001-50000,Mont-Bellevue,,,,297,8A2,-71.92996235100489,45.3726785931326
298,31-54,0,30001-50000,Lennoxville,,,,298,8T4,-71.86362106474886,45.36694753130342
299,66-80,0,0,Brompton,,,,299,6R5,-71.97405255885144,45.46613578221343
300,31-54,0,20001-30000,Fleurimont,,,,300,4D2,-71.84550629702404,45.411892728063
301,31-54,1,10001-20000,Lennoxville,,,,301,4H8,-71.86206818526877,45.366718674489775
302,31-54,1,20001-30000,Lennoxville,,,,302,8C2,-71.83885078151951,45.357149191952224
303,66-80,1,30001-50000,Lennoxville,,,,303,2B1,-71.82786488504672,45.373779775360745
304,31-54,0,30001-50000,des Nations,,,,304,4G1,-71.96329299836388,45.3994222362337
305,81-95,0,0-10000,Saint-Élie,,,,305,2W2,-72.02440061075367,45.3727412938659
306,55-65,0,20001-30000,Lennoxville,,,,306,9I1,-71.83860387178694,45.380969393507385
307,66-80,0,,Fleurimont,,,,307,9P9,-71.84363058665315,45.42567680666606
308,81-95,0,10001-20000,Mont-Bellevue,,,,308,4U6,-71.92701425154905,45.389475174523334
309,55-65,1,50001-,Fleurimont,,,,309,7V4,-71.84864682723624,45.41159427610238
310,31-54,1,30001-50000,Brompton,,,,310,3K9,-71.94543537863758,45.484495633562446
311,31-54,1,0-10000,Mont-Bellevue,,,,311,6A9,-71.94220208511217,45.39349309988173
312,31-54,0,50001-,Mont-Bellevue,,,,312,6F4,-71.94709173574941,45.38753455782704
313,81-95,1,20001-30000,des Nations,,,,313,3R3,-71.96595003028891,45.39841049799354
314,31-54,1,30001-50000,Lennoxville,,,,314,7O9,-71.8287914657699,45.3695860104428
315,66-80,0,50001-,Lennoxville,,,,315,5O8,-71.82007032163297,45.362404933858514
316,31-54,0,10001-20000,Lennoxville,,,,316,8V3,-71.82840401796611,45.35644891678447
317,31-54,0,10001-20000,Mont-Bellevue,,,,317,8O5,-71.94561211933836,45.386970850513606
318,66-80,0,0,Saint-Élie,,,,318,6W5,-72.065165090777,45.4382934880851
319,31-54,0,,Saint-Élie,,,,319,8H1,-71.99256905009042,45.407460785672704
320,66-80,0,20001-30000,Mont-Bellevue,,,,320,3O9,-71.93261786918686,45.384125262958314
321,66-80,1,0-10000,Fleurimont,,,,321,2I2,-71.83850796800748,45.409654603439016
322,31-54,1,,Mont-Bellevue,,,,322,8L4,-71.90754634277921,45.39128483744073
323,66-80,1,,Lennoxville,,,,323,4R3,-71.83697337140566,45.37481325274332
324,66-80,0,50001-,Mont-Bellevue,,,,324,2I6,-71.94444766321004,45.38622010239469
325,55-65,1,,Saint-Élie,,,,325,2H5,-72.04940870250162,45.40288518996684
326,31-54,1,50001-,Mont-Bellevue,,,,326,9P8,-71.94306922501315,45.36850460047567
327,55-65,1,,Brompton,,,,327,4L2,-71.90592601526028,45.46641796862211
328,66-80,1,,Lennoxville,,,,328,5R6,-71.83022941913842,45.38269323218745
329,66-80,0,30001-50000,Fleurimont,,,,329,5I6,-71.88101146253837,45.40768830891191
330,66-80,0,,Mont-Bellevue,,,,330,8H7,-71.94428945165066,45.39281534072392
331,66-80,0,30001-50000,Mont-Bellevue,,,,331,1H9,-71.94797925347761,45.393863101383275
332,31-54,1,,Brompton,,,,332,1G1,-71.93267315573908,45.47969448324742
333,66-80,1,,Saint-Élie,,,,333,3K5,-72.02518881433203,45.38441185362027
334,55-65,1,10001-20000,Lennoxville,,,,334,6U5,-71.8719101144357,45.36494461861608
335,66-80,0,30001-50000,des Nations,,,,335,5O5,-71.93617438028187,45.42813401239145
336,31-54,1,50001-,Saint-Élie,,,,336,8X3,-71.99354316021383,45.40881627276471
337,66-80,0,30001-50000,Mont-Bellevue,,,,337,9Q7,-71.9281321984854,45.37804847603205
338,66-80,0,30001-50000,Fleurimont,,,,338,3F5,-71.85113606564707,45.43422345361316
339,55-65,1,50001-,Mont-Bellevue,,,,339,1K7,-71.91820401719369,45.38399149672812
340,31-54,1,0,Mont-Bellevue,,,,340,4F6,-71.90032651741632,45.39070070241009
341,31-54,1,20001-30000,des Nations,,,,341,8N1,-71.94707292114913,45.42984140625833
342,31-54,0,0-10000,Saint-Élie,,,,342,6W5,-72.03405794029497,45.43049074073929
343,31-54,0,20001-30000,Brompton,,,,343,4X3,-71.90995844645472,45.47763495540557
344,66-80,0,0,des Nations,,,,344,8O5,-71.95329323333932,45.40634239538795
345,66-80,0,0,Fleurimont,,,,345,1V7,-71.86092118023333,45.40356961888767
346,55-65,0,50001-,des Nations,,,,346,4C7,-71.94931546604141,45.41212544815817
347,31-54,1,,Lennoxville,,,,347,9B9,-71.8206310960761,45.37671014362175
348,31-54,0,50001-,Fleurimont,,,,348,4R6,-71.84630780383009,45.40203747358231
349,31-54,1,30001-50000,Brompton,,,,349,2W6,-71.95827314473676,45.47544044377943
350,66-80,1,50001-,Fleurimont,,,,350,9C6,-71.85780103950944,45.439414040553125
351,55-65,1,20001-30000,Saint-Élie,,,,351,2A5,-72.05362982835925,45.39326682724804
352,81-95,0,30001-50000,Fleurimont,,,,352,2F4,-71.84437041100594,45.42814211570921
353,81-95,0,50001-,Mont-Bellevue,,,,353,6E9,-71.92285976620697,45.38475705262231
354,66-80,1,10001-20000,Saint-Élie,,,,354,6G4,-72.02702039275145,45.43267520087259
355,31-54,0,0-10000,Brompton,,,,355,1A2,-71.9316420076011,45.494304323340664
356,66-80,0,30001-50000,Fleurimont,,,,356,7M4,-71.8668940341545,45.43050851352853
357,55-65,1,0,Fleurimont,,,,357,9F8,-71.84095811171053,45.43578128661546
358,55-65,0,30001-50000,Saint-Élie,,,,358,1M7,-72.01919685591422,45.437228339850826
359,66-80,1,30001-50000,Brompton,,,,359,6L4,-71.94097375058224,45.48977071631741
360,31-54,0,0-10000,Mont-Bellevue,,,,360,9T9,-71.90515410330752,45.3905759051741
361,66-80,1,30001-50000,Brompton,,,,361,7Y8,-71.96461774008563,45.49228209287456
362,55-65,1,30001-50000,Mont-Bellevue,,,,362,2A9,-71.90197672008952,45.3792931543455
363,66-80,1,0-10000,Fleurimont,,,,363,7Y9,-71.86678009062703,45.42309179218387
364,81-95,1,30001-50000,des Nations,,,,364,8A4,-71.9630913756897,45.42753363317533
365,55-65,1,,Saint-Élie,,,,365,5G5,-72.00635306126206,45.38591505190681
366,31-54,0,20001-30000,Mont-Bellevue,,,,366,6S5,-71.9171018361362,45.372623095784405
367,81-95,1,50001-,des Nations,,,,367,6G3,-71.93006952747038,45.42851747389509
368,66-80,1,0,Saint-Élie,,,,368,5H7,-72.02107089820659,45.4378903614142
369,55-65,0,0,Saint-Élie,,,,369,8T7,-71.9977362437388,45.43498187777531
370,81-95,0,50001-,Brompton,,,,370,7W9,-71.96445485817063,45.4697822284721
371,31-54,1,20001-30000,Mont-Bellevue,,,,371,9P8,-71.92400493400085,45.37826488748741
372,31-54,1,20001-30000,Lennoxville,,,,372,9M6,-71.85854839064606,45.36550038649803
373,31-54,0,20001-30000,Brompton,,,,373,9C7,-71.97016028742375,45.491949932615874
374,81-95,0,0,Mont-Bellevue,,,,374,3K7,-71.92500846268847,45.39250347771205
375,31-54,0,,Brompton,,,,375,1N4,-71.9784509596716,45.48820817522159
376,66-80,1,0,des Nations,,,,376,7P3,-71.95946190116426,45.42973266262458
377,31-54,1,10001-20000,des Nations,,,,377,5U3,-71.92816909610309,45.39896176470963
378,55-65,1,50001-,des Nations,,,,378,3D4,-71.9411517382237,45.40367508537157
379,66-80,0,,Saint-Élie,,,,379,7T7,-72.05798889696729,45.37087705374026
380,66-80,0,50001-,Lennoxville,,,,380,7E3,-71.86147501854084,45.38339415580292
381,31-54,0,,Lennoxville,,,,381,2O6,-71.82956197188773,45.379746134656465
382,66-80,1,0-10000,Saint-Élie,,,,382,3C2,-71.99972396618617,45.377735290809056
383,66-80,1,20001-30000,Brompton,,,,383,3S6,-71.98082783153004,45.48194971992713
384,31-54,1,20001-30000,Saint-Élie,,,,384,5L4,-72.04841338094616,45.38139140571397
385,55-65,1,30001-50000,Fleurimont,,,,385,5G8,-71.88478078366172,45.40494588536833
386,66-80,1,,Lennoxville,,,,386,6U6,-71.84688423579253,45.3639573268588
387,31-54,0,10001-20000,Brompton,,,,387,9C8,-71.89984223133813,45.46458561617243
388,66-80,1,20001-30000,Saint-Élie,,,,388,2N3,-72.03009183571127,45.43358984494349
389,66-80,0,50001-,Fleurimont,,,,389,1E6,-71.8638655553769,45.425848088315234
390,31-54,1,0,Fleurimont,,,,390,9D7,-71.85267352456454,45.4018210749411
391,66-80,0,30001-50000,Brompton,,,,391,7Q7,-71.89927763683588,45.502743791277126
392,55-65,1,20001-30000,Fleurimont,,,,392,5I7,-71.86093163347931,45.42216689531557
393,66-80,1,30001-50000,Fleurimont,,,,393,1D4,-71.8748252316661,45.432248515025506
394,81-95,0,30001-50000,Brompton,,,,394,7U4,-71.9633374717746,45.47997260489293
395,55-65,1,0,Brompton,,,,395,3X1,-71.96977043540123,45.49217646831028
396,66-80,0,10001-20000,Lennoxville,,,,396,4K2,-71.8172022517098,45.36878351691619
397,31-54,0,0,Mont-Bellevue,,,,397,2F4,-71.94056017415903,45.37252056609863
398,66-80,0,,des Nations,,,,398,8A6,-71.94167605432978,45.421756292140174
399,55-65,1,0,Lennoxville,,,,399,8O3,-71.83089247729392,45.36865512050237
400,66-80,0,0-10000,Fleurimont,,,,400,9L7,-71.86298699824793,45.42128775630146
401,55-65,1,30001-50000,Lennoxville,,,,401,2F8,-71.83411104464524,45.37082075604867
402,31-54,1,20001-30000,Mont-Bellevue,,,,402,1V4,-71.91543319380499,45.37170934968792
403,55-65,1,50001-,Brompton,,,,403,3O3,-71.97598962887973,45.50274697059314
404,66-80,1,20001-30000,Lennoxville,,,,404,1B1,-71.86857270231091,45.38347539071234
405,31-54,0,20001-30000,Fleurimont,,,,405,8N5,-71.85163049986276,45.439580262126974
406,55-65,1,,Mont-Bellevue,,,,406,9I5,-71.9080909929557,45.38607707946557
407,66-80,0,,Mont-Bellevue,,,,407,7N9,-71.94156038065324,45.3925745148377
408,81-95,1,0,des Nations,,,,408,3O8,-71.9151402204211,45.40373316063198
409,31-54,1,30001-50000,Brompton,,,,409,2H3,-71.9713612749139,45.48159249621772
410,55-65,1,50001-,Fleurimont,,,,410,5S3,-71.87647895669505,45.43472550835824
411,66-80,0,0,Fleurimont,,,,411,9N5,-71.8818390035426,45.409859235696196
412,81-95,1,20001-30000,Mont-Bellevue,,,,412,5W2,-71.9196610679455,45.36639560263298
413,66-80,0,20001-30000,Brompton,,,,413,7M1,-71.93890484589079,45.502730693836334
414,66-80,0,0,Saint-Élie,,,,414,7O3,-72.06591154217234,45.402997465110026
415,31-54,0,20001-30000,Mont-Bellevue,,,,415,7X9,-71.92300140870293,45.39246324130294
416,81-95,0,0,Lennoxville,,,,416,7H7,-71.85958465022055,45.35566784541885
417,31-54,0,20001-30000,des Nations,,,,417,3S1,-71.95560939298552,45.40978237626977
418,66-80,1,,Saint-Élie,,,,418,3P4,-71.99242527357039,45.37169951604827
419,66-80,1,0,des Nations,,,,419,9G4,-71.95827955916283,45.41299686468333
420,55-65,1,,Fleurimont,,,,420,5P3,-71.83986548128367,45.43466651591976
421,66-80,0,50001-,Lennoxville,,,,421,3S6,-71.82581558973118,45.36493438549111
422,81-95,1,30001-50000,Lennoxville,,,,422,4R7,-71.84127395674857,45.36741879367308
423,31-54,1,50001-,Lennoxville,,,,423,7B1,-71.81347836881004,45.377396080890875
424,66-80,1,10001-20000,Lennoxville,,,,424,6L8,-71.8150592509348,45.3600703526303
425,55-65,1,20001-30000,Fleurimont,,,,425,5F8,-71.87610168427909,45.403898394803946
426,31-54,1,20001-30000,des Nations,,,,426,9U5,-71.93039103967378,45.42979589195448
427,66-80,1,0,Saint-Élie,,,,427,9N4,-72.049154494893,45.43373584714619
428,81-95,1,20001-30000,Brompton,,,,428,6Y2,-71.93289651158132,45.48352387244415
429,31-54,0,30001-50000,des Nations,,,,429,9Q5,-71.91302360018055,45.428297906955684
430,31-54,0,30001-50000,Mont-Bellevue,,,,430,6M1,-71.91890456550864,45.37226346518935
431,31-54,1,20001-30000,des Nations,,,,431,4B4,-71.96536857388769,45.40241461107563
432,66-80,0,,Lennoxville,,,,432,6E9,-71.82790994964458,45.363345019798615
433,55-65,0,50001-,Saint-Élie,,,,433,6L3,-72.03757326861052,45.39154300541758
434,66-80,0,20001-30000,Fleurimont,,,,434,3U3,-71.8836713384769,45.43842936057826
435,31-54,1,0-10000,des Nations,,,,435,1H4,-71.96714176067033,45.39863246902945
436,55-65,1,,Saint-Élie,,,,436,9T3,-72.03657993805311,45.40597733734345
437,55-65,1,,Lennoxville,,,,437,1H8,-71.8542858176571,45.36345207043679
438,31-54,0,30001-50000,Mont-Bellevue,,,,438,7X4,-71.9092625230295,45.39249561566691
439,31-54,1,10001-20000,Fleurimont,,,,439,1E6,-71.858334335665,45.401441320861196
440,66-80,1,10001-20000,Mont-Bellevue,,,,440,6N1,-71.94715338436012,45.39018811020145
441,31-54,1,0-10000,des Nations,,,,441,8W3,-71.93674329426149,45.41171559037975
442,55-65,1,20001-30000,Fleurimont,,,,442,1S5,-71.8398218928915,45.434629362568565
443,31-54,1,10001-20000,Fleurimont,,,,443,3R7,-71.84150142947057,45.40912986253997
444,31-54,0,10001-20000,Mont-Bellevue,,,,444,8S8,-71.92019503422448,45.36741134471637
445,31-54,1,50001-,des Nations,,,,445,5B9,-71.94944425541932,45.42592737222002
446,66-80,0,0,Mont-Bellevue,,,,446,4V1,-71.9279210030761,45.375059930462285
447,31-54,1,,Brompton,,,,447,6I5,-71.99753211996622,45.49261075623747
448,31-54,0,30001-50000,Fleurimont,,,,448,4W2,-71.85414381675758,45.40889229361415
449,66-80,1,0,Fleurimont,,,,449,1O7,-71.84273576133683,45.411318435092205
450,31-54,1,50001-,Fleurimont,,,,450,2V9,-71.88377141562832,45.413423477425056
451,31-54,1,20001-30000,Fleurimont,,,,451,4P9,-71.85030682945457,45.42353652126118
452,31-54,1,50001-,Fleurimont,,,,452,8I6,-71.8841883188473,45.41007970776244
453,55-65,0,50001-,Brompton,,,,453,5E3,-71.91644530720322,45.471994326333
454,66-80,1,10001-20000,Saint-Élie,,,,454,6Q9,-72.02234080446105,45.37432906491469
455,66-80,0,10001-20000,Mont-Bellevue,,,,455,9N1,-71.91883243289324,45.36672370489951
456,66-80,0,0-10000,Lennoxville,,,,456,5S7,-71.84491158951259,45.3578377656583
457,31-54,0,50001-,des Nations,,,,457,6K9,-71.96060718560086,45.39707947231159
458,55-65,1,0-10000,Saint-Élie,,,,458,6U3,-72.03319817573431,45.43893600984955
459,81-95,1,0,Fleurimont,,,,459,4T1,-71.85181561115897,45.40686161539254
460,31-54,0,10001-20000,des Nations,,,,460,3H5,-71.94034552522403,45.42067724155541
461,66-80,0,30001-50000,Mont-Bellevue,,,,461,6G2,-71.9452925308681,45.37789760082322
462,66-80,0,0-10000,Brompton,,,,462,7X9,-71.9393532945462,45.49851482424981
463,66-80,1,30001-50000,Lennoxville,,,,463,1B8,-71.83668787182205,45.37904457668647
464,31-54,0,,Mont-Bellevue,,,,464,5P6,-71.93422272636882,45.390441975416664
465,66-80,1,50001-,Lennoxville,,,,465,7Q6,-71.85844926813728,45.37192263132395
466,55-65,1,,Lennoxville,,,,466,1L8,-71.86431549272822,45.37344213099051
467,66-80,1,,Brompton,,,,467,4L5,-71.97960396292031,45.501889449912404
468,66-80,1,10001-20000,Lennoxville,,,,468,2Q7,-71.8165005199092,45.3704652412547
469,66-80,0,0,Mont-Bellevue,,,,469,1E1,-71.91093788733158,45.3753184043808
470,31-54,0,,des Nations,,,,470,2H8,-71.91232125353083,45.41772432845539
471,55-65,1,50001-,Fleurimont,,,,471,5O1,-71.85391871593507,45.40824974889709
472,31-54,1,0-10000,Brompton,,,,472,9S7,-71.90656961392345,45.46776933930455
473,31-54,1,0-10000,Mont-Bellevue,,,,473,1L6,-71.94490306063493,45.3938876953512
474,81-95,0,30001-50000,Fleurimont,,,,474,9D3,-71.86134575766708,45.406428049192485
475,31-54,0,0,Lennoxville,,,,475,5R2,-71.82849421680898,45.37385306181695
476,31-54,1,50001-,Brompton,,,,476,3M6,-71.98964261227202,45.48302742108326
477,66-80,0,50001-,Saint-Élie,,,,477,8T4,-71.99581135126331,45.389359555956304
478,31-54,0,50001-,Mont-Bellevue,,,,478,5T2,-71.93034187901227,45.38094196015352
479,31-54,0,50001-,des Nations,,,,479,1C6,-71.9366760591094,45.42551697011258
480,66-80,1,20001-30000,Mont-Bellevue,,,,480,3P4,-71.93113518352926,45.37915533660215
481,31-54,1,0,Saint-Élie,,,,481,6V4,-72.01182638001316,45.38920872752386
482,31-54,0,50001-,Brompton,,,,482,2L6,-71.90824362218032,45.469414751032986
483,31-54,1,,Lennoxville,,,,483,7V9,-71.84564195309542,45.37919153889087
484,31-54,1,0,Brompton,,,,484,7O8,-71.9373220455656,45.4943333199527
485,66-80,0,,Mont-Bellevue,,,,485,8G7,-71.94557465197681,45.38501425341139
486,31-54,0,,Fleurimont,,,,486,1N4,-71.88007204972911,45.406869619777304
487,66-80,0,10001-20000,Brompton,,,,487,9M2,-71.93966866437125,45.4718632947377
488,55-65,1,0,Lennoxville,,,,488,9B8,-71.85398841236514,45.35990017335503
489,31-54,1,50001-,Lennoxville,,,,489,9R6,-71.83767573647924,45.37430573954312
490,31-54,1,50001-,Brompton,,,,490,8E9,-71.9277274226701,45.47543549802284
491,81-95,0,,Brompton,,,,491,1T9,-71.95243156693854,45.48553945736453
492,31-54,0,20001-30000,Mont-Bellevue,,,,492,8W1,-71.93738989016201,45.36734010383182
493,31-54,1,50001-,des Nations,,,,493,7M9,-71.96734463307936,45.412548008602045
494,55-65,0,10001-20000,Mont-Bellevue,,,,494,8Y5,-71.92578028074009,45.384343080068845
495,55-65,0,0,Mont-Bellevue,,,,495,9F4,-71.91511512196534,45.366466663811195
496,66-80,0,0,Mont-Bellevue,,,,496,3P3,-71.93049063668691,45.392509600818265
497,31-54,0,20001-30000,Lennoxville,,,,497,9E3,-71.85326815735141,45.35453638121316
498,31-54,1,20001-30000,Brompton,,,,498,6T6,-71.95470666707973,45.50274705488766
499,66-80,1,10001-20000,Saint-Élie,,,,499,9F3,-72.00436225110082,45.42004787134341
500,66-80,1,0,Mont-Bellevue,,,,500,9A6,-71.94161619620952,45.372147560340764
501,55-65,0,50001-,Mont-Bellevue,,,,501,1H9,-71.92940803231757,45.392153879188726
502,31-54,1,50001-,Lennoxville,,,,502,3V1,-71.85258849532221,45.373417972207584
503,66-80,0,0-10000,des Nations,,,,503,8X3,-71.942978278011,45.426043874444694
504,31-54,0,50001-,Mont-Bellevue,,,,504,6F6,-71.91676873353046,45.38478561619672
505,81-95,1,30001-50000,Saint-Élie,,,,505,8S3,-72.04317561899413,45.409375645865445
506,31-54,0,0,Saint-Élie,,,,506,2M2,-72.04633515596089,45.389105717576776
507,55-65,1,50001-,Brompton,,,,507,4I5,-71.92296149976217,45.49574009330614
508,31-54,1,50001-,Saint-Élie,,,,508,5N3,-72.05995231828791,45.43213209024434
509,55-65,0,30001-50000,Saint-Élie,,,,509,6W4,-72.0004256474223,45.409532087713465
510,55-65,1,10001-20000,Brompton,,,,510,8Y7,-71.90394173348636,45.4660835294536
511,31-54,1,30001-50000,Brompton,,,,511,5F2,-71.96568800577003,45.47992209837243
512,31-54,0,50001-,Fleurimont,,,,512,1F7,-71.84188317533305,45.4015098864853
513,66-80,0,10001-20000,Brompton,,,,513,7U8,-71.90985472134459,45.496853764953585
514,31-54,1,0-10000,des Nations,,,,514,8G1,-71.93616817197896,45.40363988048908
515,55-65,1,0-10000,Mont-Bellevue,,,,515,1A6,-71.93667200952467,45.37258135516925
516,31-54,0,0,Mont-Bellevue,,,,516,4R5,-71.91594688599267,45.3786517341198
517,81-95,1,10001-20000,Mont-Bellevue,,,,517,8P3,-71.93859946460553,45.3746151925864
518,66-80,1,,Brompton,,,,518,4F2,-71.91066384657431,45.47844433365732
519,55-65,0,0,Saint-Élie,,,,519,3U6,-72.02763490050542,45.38747852570479
520,31-54,0,50001-,Mont-Bellevue,,,,520,7D7,-71.9189602141637,45.39246322279072
521,31-54,1,10001-20000,Saint-Élie,,,,521,2N1,-71.99072861074188,45.37903332332661
522,55-65,0,,Fleurimont,,,,522,3P2,-71.87531953778313,45.42576506053077
523,66-80,0,10001-20000,des Nations,,,,523,9P1,-71.94114553220578,45.4206161686561
524,31-54,0,20001-30000,Saint-Élie,,,,524,1Q4,-71.99465594913228,45.41209813203656
525,66-80,1,,Mont-Bellevue,,,,525,3R6,-71.89894495997837,45.385171740834885
526,31-54,1,10001-20000,Mont-Bellevue,,,,526,5W6,-71.93624109926715,45.374010329230394
527,81-95,1,10001-20000,des Nations,,,,527,5F3,-71.91947603408161,45.402085597176956
528,66-80,0,50001-,Mont-Bellevue,,,,528,5A6,-71.90814620823879,45.36700895685409
529,31-54,1,,Brompton,,,,529,1S6,-71.9887880147906,45.476827215455394
530,31-54,0,30001-50000,Mont-Bellevue,,,,530,4N1,-71.89804146485065,45.38561143352555
531,66-80,1,0,Saint-Élie,,,,531,1O7,-72.06262043330928,45.395899445551045
532,55-65,1,,Lennoxville,,,,532,3F1,-71.86865573845195,45.36654585762634
533,31-54,1,10001-20000,Lennoxville,,,,533,3B7,-71.8350274192896,45.37588632991993
534,55-65,0,0,Fleurimont,,,,534,5M5,-71.83825441978934,45.41056480786966
535,81-95,0,30001-50000,Brompton,,,,535,7K4,-71.91859338961646,45.46419576362385
536,31-54,1,30001-50000,Brompton,,,,536,1F8,-71.95236352956842,45.498496824725486
537,55-65,0,10001-20000,des Nations,,,,537,9D5,-71.91526569245082,45.413192626415174
538,31-54,0,30001-50000,Lennoxville,,,,538,3E8,-71.83393949576482,45.37794524231611
539,66-80,1,50001-,Fleurimont,,,,539,7A7,-71.84293754195919,45.40511523816577
540,66-80,1,0,Mont-Bellevue,,,,540,2L9,-71.90934159020478,45.39327330604135
541,66-80,0,,Lennoxville,,,,541,1N1,-71.82759249526862,45.35464596439019
542,31-54,1,20001-30000,Brompton,,,,542,8Y1,-71.94395791029176,45.48235145843246
543,55-65,0,,des Nations,,,,543,8V8,-71.91705832748895,45.422189168090576
544,66-80,1,,Brompton,,,,544,9G9,-71.95254636951363,45.47428365103368
545,55-65,0,30001-50000,Mont-Bellevue,,,,545,1G7,-71.93054709944175,45.391704884144055
546,31-54,1,10001-20000,Mont-Bellevue,,,,546,4M4,-71.90887722245996,45.37497588549221
547,55-65,1,10001-20000,Saint-Élie,,,,547,3P3,-72.03955530682303,45.411525308032225
548,66-80,1,0-10000,Lennoxville,,,,548,2E5,-71.83563359016391,45.36035739622522
549,55-65,1,20001-30000,Saint-Élie,,,,549,8P4,-72.03346176159843,45.40442751292977
550,66-80,1,10001-20000,Saint-Élie,,,,550,1K7,-72.015176377696,45.37158752828591
551,31-54,1,,Mont-Bellevue,,,,551,3G9,-71.92975051654368,45.38385331949843
552,31-54,0,20001-30000,Brompton,,,,552,9X7,-71.90098116746223,45.46952361298295
553,66-80,0,20001-30000,Lennoxville,,,,553,2Y1,-71.84208563736046,45.370598898673364
554,66-80,0,30001-50000,Brompton,,,,554,7M4,-71.93086426366034,45.464498301097336
555,66-80,0,,des Nations,,,,555,9I9,-71.95627223373458,45.4100548372648
556,55-65,0,30001-50000,des Nations,,,,556,4C5,-71.96494996750937,45.4045729574006
557,31-54,1,10001-20000,Mont-Bellevue,,,,557,2Q5,-71.90808692972854,45.36752522854498
558,31-54,1,10001-20000,des Nations,,,,558,3S8,-71.91897538277502,45.41653950912994
559,55-65,0,,Saint-Élie,,,,559,3S9,-72.03740655560655,45.42292265128382
560,66-80,1,10001-20000,Saint-Élie,,,,560,7C7,-72.05339497849182,45.388555804562515
561,31-54,1,20001-30000,Saint-Élie,,,,561,9M7,-72.0174817011095,45.38685142952912
562,66-80,0,30001-50000,Mont-Bellevue,,,,562,3N3,-71.94389954589181,45.37687796460683
563,81-95,1,,Lennoxville,,,,563,4T6,-71.8527240784015,45.35623993106622
564,66-80,1,,Saint-Élie,,,,564,9M2,-72.05757630877955,45.41774560297114
565,66-80,1,,Lennoxville,,,,565,9B6,-71.85578085828689,45.37637134203671
566,66-80,0,,des Nations,,,,566,7L6,-71.92263206040529,45.4245389437253
567,55-65,1,10001-20000,Fleurimont,,,,567,4E3,-71.84321345792983,45.42555518432571
568,66-80,0,0,Fleurimont,,,,568,7P5,-71.87750151699318,45.41343967687423
569,66-80,0,10001-20000,des Nations,,,,569,6K2,-71.9284921097793,45.429474344019184
570,31-54,0,20001-30000,des Nations,,,,570,9U2,-71.91517652527347,45.42686546962789
571,31-54,0,10001-20000,Mont-Bellevue,,,,571,5U1,-71.92847913396693,45.38019622762955
572,31-54,1,10001-20000,Brompton,,,,572,5U7,-71.9184204354017,45.47811463488313
573,55-65,1,0,Lennoxville,,,,573,3B8,-71.86431098550695,45.37532148672734
574,55-65,0,0,Mont-Bellevue,,,,574,2C3,-71.93261785093513,45.39112944689294
575,31-54,1,0-10000,des Nations,,,,575,5G8,-71.93833848308746,45.431445175301306
576,66-80,0,50001-,Fleurimont,,,,576,3W7,-71.8782575775044,45.43773799487619
577,66-80,1,10001-20000,Fleurimont,,,,577,9K2,-71.8718147453983,45.42289438291971
578,66-80,0,30001-50000,Brompton,,,,578,9W7,-71.99071813751347,45.49117053655239
579,66-80,0,10001-20000,Brompton,,,,579,9H3,-71.91025261085707,45.47124778466945
580,31-54,1,,des Nations,,,,580,1S5,-71.95963679010276,45.416339439204876
581,31-54,0,20001-30000,Brompton,,,,581,1U8,-71.99852848769811,45.48561775349584
582,81-95,0,50001-,des Nations,,,,582,7B9,-71.92336337014775,45.415165033843074
583,31-54,1,0-10000,Mont-Bellevue,,,,583,3R5,-71.92034631198923,45.38483731873826
584,31-54,1,30001-50000,Fleurimont,,,,584,2B4,-71.86749138262728,45.41341159094651
585,31-54,0,50001-,Brompton,,,,585,5B7,-71.98193533545057,45.475835862943434
586,31-54,0,10001-20000,des Nations,,,,586,2Y6,-71.96556580877548,45.41541524595648
587,55-65,1,30001-50000,Fleurimont,,,,587,6C9,-71.83577605683071,45.4258620612346
588,66-80,1,20001-30000,Saint-Élie,,,,588,4V4,-72.06499126357936,45.42698729453703
589,66-80,0,0-10000,des Nations,,,,589,8D5,-71.94615032639756,45.42622609334286
590,31-54,0,0,Lennoxville,,,,590,6T4,-71.82476390420652,45.35667362145226
591,55-65,1,50001-,Brompton,,,,591,8Y3,-71.9581076303201,45.478827703734034
592,66-80,1,0,Lennoxville,,,,592,6Q1,-71.85825870383555,45.38215565828806
593,31-54,0,20001-30000,des Nations,,,,593,3D2,-71.92855272082414,45.40745053876913
594,66-80,0,0,Saint-Élie,,,,594,7X5,-72.03303556724025,45.37027225066556
595,81-95,0,30001-50000,Saint-Élie,,,,595,2P7,-72.02464877500549,45.3883297123171
596,66-80,1,50001-,des Nations,,,,596,9B6,-71.92711620223426,45.4000875931517
597,81-95,1,,Mont-Bellevue,,,,597,5H6,-71.94646486020754,45.3733633980519
598,31-54,1,50001-,Mont-Bellevue,,,,598,2P8,-71.93006583440743,45.39207241861714
599,31-54,1,10001-20000,Saint-Élie,,,,599,1B3,-72.00612493045928,45.43823442189308
600,31-54,0,20001-30000,Fleurimont,,,,600,7I5,-71.87330449018705,45.41062126826671
601,66-80,1,10001-20000,Lennoxville,,,,601,8G8,-71.81719793438386,45.37616900837491
602,55-65,0,,Saint-Élie,,,,602,9E8,-72.03017079173355,45.41737345659414
603,66-80,0,20001-30000,Saint-Élie,,,,603,5V9,-72.0239266177317,45.38409392321386
604,66-80,0,50001-,Lennoxville,,,,604,5W4,-71.83119842476306,45.368062377483376
605,55-65,1,30001-50000,des Nations,,,,605,2K1,-71.9322871924448,45.41375155840437
606,31-54,0,50001-,Brompton,,,,606,5I6,-71.90470682534578,45.4886984201206
607,81-95,0,,Fleurimont,,,,607,7O8,-71.88457744721462,45.42747032207936
608,31-54,0,,Fleurimont,,,,608,5W1,-71.85908456151324,45.43267188657632
609,66-80,1,20001-30000,des Nations,,,,609,1U2,-71.93156115566653,45.40628504010717
610,81-95,0,50001-,Brompton,,,,610,5D6,-71.89951063750291,45.49340194567921
611,31-54,1,,Fleurimont,,,,611,5X1,-71.86498394181663,45.41280878349711
612,55-65,0,50001-,Fleurimont,,,,612,1V1,-71.86440305258441,45.43344877307894
613,55-65,0,0,des Nations,,,,613,8F1,-71.93563080967586,45.40618777650813
614,55-65,1,50001-,Mont-Bellevue,,,,614,9G2,-71.92618330635034,45.38198869724096
615,31-54,1,30001-50000,Lennoxville,,,,615,4R8,-71.83938031999207,45.366126562330884
616,55-65,0,0-10000,Mont-Bellevue,,,,616,1O2,-71.90186320249784,45.374043918124386
617,55-65,1,30001-50000,Brompton,,,,617,7U6,-71.93536486186727,45.47742772849894
618,31-54,1,30001-50000,des Nations,,,,618,1F1,-71.92601301390168,45.420403702591685
619,31-54,0,20001-30000,Saint-Élie,,,,619,5H7,-72.01378893184253,45.41889308865114
620,55-65,1,10001-20000,des Nations,,,,620,2F4,-71.96004302083361,45.41647040529714
621,66-80,0,30001-50000,Saint-Élie,,,,621,6S4,-72.02371683371767,45.43813687155271
622,66-80,0,30001-50000,Lennoxville,,,,622,1B6,-71.87075180322618,45.3596763456175
623,31-54,1,10001-20000,Mont-Bellevue,,,,623,2C9,-71.90921268797881,45.383666342313475
624,55-65,1,0-10000,Fleurimont,,,,624,7D1,-71.85072312871968,45.416277390304785
625,81-95,1,,Saint-Élie,,,,625,8R7,-72.00999704156206,45.3869618475912
626,55-65,1,0,Brompton,,,,626,5R6,-71.90820132183241,45.4630483365763
627,55-65,1,,Brompton,,,,627,1F6,-71.9943975257312,45.46521003617091
628,81-95,1,0-10000,Lennoxville,,,,628,6U4,-71.81741609493751,45.36966548126965
629,66-80,0,50001-,Saint-Élie,,,,629,6I4,-72.00110269036934,45.390438945509295
630,31-54,1,30001-50000,Brompton,,,,630,9S8,-71.92561519670384,45.468945036441426
631,66-80,1,50001-,Saint-Élie,,,,631,5S2,-72.01916948774637,45.435492785780724
632,31-54,0,30001-50000,Mont-Bellevue,,,,632,4L4,-71.93188923750694,45.374663484999495