,id,age,genre,revenu,ville,region,arrondissement,adresse,accorderie,mapid,degrees,betweenness,harmonic_centrality,transitivity_undirected,pagerank,eccentricity
0,12,31-54,0,30001-50000,Longueuil,Montérégie,Le Vieux-Longueuil,J4J,115,10460,1,0.0,0.3185838509316757,0.13416394004772178,0.0009102909376485804,0.0
1,96,66-80,1,30001-50000,Longueuil,Montérégie,Le Vieux-Longueuil,J4K,115,10373,1,0.0,0.3185838509316757,0.13416394004772178,0.0009102909376485804,0.0
2,97,55-65,0,30001-50000,Longueuil,Montérégie,Greenfield Park,J4V,115,10371,1,0.0,0.3185838509316757,0.13416394004772178,0.0009102909376485804,0.0
3,98,66-80,0,50001-,Brossard,Montérégie,,J4Z,115,10370,1,0.0,0.3185838509316757,0.13416394004772178,0.0009102909376485804,0.0
4,100,31-54,0,0-10000,Saint-Lambert,Montérégie,,J4R,115,10375,2,0.0,0.3185838509316757,0.13416394004772178,0.000910290937648484,6.0
5,226,31-54,0,50001-,Brossard,Montérégie,,J4W,115,10242,2,0.25863279765133984,0.32617598343685145,0.13416394004772178,0.0008680507789702937,6.0
6,259,66-80,0,10001-20000,Longueuil,Montérégie,Le Vieux-Longueuil,J4H,115,10209,14,0.0,0.367465838509318,0.13416394004772178,0.0008582259691879578,7.0
7,392,31-54,1,30001-50000,Longueuil,Montérégie,Saint-Hubert,J4T,115,10072,28,625.208928382615,0.413639751552797,0.13416394004772178,0.0013785999746668896,6.0
8,397,0,0,30001-50000,Longueuil,Montérégie,Le Vieux-Longueuil,J4L,115,10071,1,0.0,0.3213933747411992,0.13416394004772178,0.0008680507789702937,0.0
9,398,0,0,30001-50000,Longueuil,Montérégie,Greenfield Park,J4R,115,10073,2,0.0,0.3213933747411992,0.13416394004772178,0.0008913190215047561,0.0
10,399,31-54,0,30001-50000,Longueuil,Montérégie,Le Vieux-Longueuil,J4G,115,10083,3,0.0006309148264984228,0.36821946169772385,0.13416394004772178,0.0009000490372737471,1.0
11,408,66-80,0,10001-20000,Brossard,Montérégie,,J4Z,115,10056,4,0.0,0.3534078674948241,0.13416394004772178,0.0009863623503301685,0.0
12,419,66-80,1,30001-50000,Longueuil,Montérégie,Le Vieux-Longueuil,J4N,115,10045,2,0.0,0.3426997929606623,0.13416394004772178,0.0009504619977806665,0.0
13,420,66-80,0,30001-50000,Longueuil,Montérégie,Le Vieux-Longueuil,J4N,115,10046,2,0.0,0.3426997929606623,0.13416394004772178,0.0009504619977806665,0.0
14,421,66-80,0,30001-50000,Longueuil,Montérégie,Le Vieux-Longueuil,J4J,115,10047,1,0.0,0.3426997929606623,0.13416394004772178,0.0008976222671082491,0.0
15,422,55-65,0,30001-50000,Saint-Lambert,Montérégie,,J4R,115,10048,6,0.030915380006910655,0.38326293995859445,0.13416394004772178,0.0009241136751747768,7.0
16,439,0,0,30001-50000,Brossard,Montérégie,,J4X,115,10054,2,0.0,0.31174327122153034,0.13416394004772178,0.0008932413201403106,0.0
17,445,66-80,0,30001-50000,Longueuil,Montérégie,Le Vieux-Longueuil,J4L,115,10025,1,0.0,0.3426997929606623,0.13416394004772178,0.0008976222671082491,0.0
18,447,55-65,1,0-10000,Longueuil,Montérégie,Greenfield Park,J4R,115,10020,1,0.0,0.3426997929606623,0.13416394004772178,0.0008976222671082491,0.0
19,448,81-95,0,30001-50000,Longueuil,Montérégie,Saint-Hubert,J3Y,115,10021,11,0.0,0.35674120082815775,0.13416394004772178,0.0010313172783497765,6.0
20,449,55-65,0,10001-20000,Longueuil,Montérégie,Greenfield Park,J4V,115,10022,20,34.40563990694235,0.37127536231884206,0.13416394004772178,0.001023044977583044,6.0
21,459,66-80,0,0-10000,Longueuil,Montérégie,Le Vieux-Longueuil,J4G,115,10006,1,0.0,0.3426997929606623,0.13416394004772178,0.0008976222671082491,0.0
22,460,0,0,20001-30000,Longueuil,Montérégie,Le Vieux-Longueuil,J4H,115,10007,5,0.0,0.35659627329192584,0.13416394004772178,0.0011322539838078485,7.0
23,493,31-54,0,20001-30000,Longueuil,Montérégie,Le Vieux-Longueuil,J4M,115,10003,2,0.0,0.28942443064182,0.13416394004772178,0.0009087790530427384,0.0
24,494,31-54,0,30001-50000,Longueuil,Montérégie,Le Vieux-Longueuil,J4K,115,10004,2,0.10791157649796393,0.2972795031055879,0.13416394004772178,0.000876780794739285,7.0
25,496,31-54,0,10001-20000,Longueuil,Montérégie,Saint-Hubert,J3Y,115,10009,1,0.0,0.31174327122153034,0.13416394004772178,0.0008690119282880711,0.0
26,507,55-65,0,0,Longueuil,Montérégie,Le Vieux-Longueuil,J4G,115,9969,1,0.0,0.3426997929606623,0.13416394004772178,0.0008976222671082491,0.0
27,510,31-54,0,20001-30000,Longueuil,Montérégie,Saint-Hubert,J3Y,115,9970,1,0.0,0.3426997929606623,0.13416394004772178,0.0008976222671082491,0.0
28,511,18-30,0,20001-30000,Saint-Basile-le-Grand,Montérégie,,J3N,115,9971,2,0.0,0.3457432712215321,0.13416394004772178,0.0009352957356570056,0.0
29,536,66-80,1,30001-50000,Longueuil,Montérégie,Le Vieux-Longueuil,J4K,115,9933,11,0.0,0.38074120082815943,0.13416394004772178,0.000950461997780585,6.0
30,548,0,0,10001-20000,Boucherville,Montérégie,,J4B,115,9915,7,0.0,0.34865424430641795,0.13416394004772178,0.0012522790579007168,0.0
31,549,55-65,1,30001-50000,Longueuil,Montérégie,Le Vieux-Longueuil,J4J,115,9917,47,1200.2778119461852,0.40228985507246773,0.13416394004772178,0.0010078708397637168,6.0
32,550,66-80,0,30001-50000,Longueuil,Montérégie,Saint-Hubert,J4T,115,9918,2,3.1963122122077796,0.34791718426501045,0.13416394004772178,0.0008976222671082083,6.0
33,552,31-54,0,20001-30000,Longueuil,Montérégie,Le Vieux-Longueuil,J4G,115,9930,1,0.0,0.29536645962732716,0.13416394004772178,0.0008712739445023593,0.0
34,581,31-54,0,30001-50000,Varennes,Montérégie,,J3X,115,9878,30,93.87837519820383,0.3981904761904787,0.13416394004772178,0.003397629519781412,6.0
35,583,81-95,0,10001-20000,Longueuil,Montérégie,Saint-Hubert,J3Y,115,9880,9,39.95719311644372,0.36210351966873777,0.13416394004772178,0.0009873881224541335,6.0
36,584,66-80,1,20001-30000,Chambly,Montérégie,,J3L,115,9881,1,0.0,0.29536645962732716,0.13416394004772178,0.0008712739445023593,0.0
37,585,31-54,0,30001-50000,Longueuil,Montérégie,Le Vieux-Longueuil,J4K,115,9882,1,0.0,0.28942443064182,0.13416394004772178,0.000876780794739285,0.0
38,586,55-65,0,0-10000,Saint-Bruno-de-Montarville,Montérégie,,J3V,115,9883,1,0.0,0.3426997929606623,0.13416394004772178,0.0008976222671082491,0.0
39,587,66-80,0,20001-30000,Longueuil,Montérégie,Saint-Hubert,J3Y,115,9892,12,2.1299266246169895,0.36934989648033256,0.13416394004772178,0.0008767807947392063,6.0
40,588,66-80,0,0-10000,Longueuil,Montérégie,Saint-Hubert,J4T,115,9895,1,0.0,0.31174327122153034,0.13416394004772178,0.0008690119282880711,0.0
41,599,55-65,0,30001-50000,Longueuil,Montérégie,Greenfield Park,J4V,115,9869,4,0.0,0.375726708074536,0.13416394004772178,0.0008976222671082491,1.0
42,604,55-65,0,30001-50000,Saint-Jean-Baptiste,Montérégie,,J0L,115,9862,2,0.0,0.3426997929606623,0.13416394004772178,0.0009504619977806665,0.0
43,605,66-80,0,20001-30000,Saint-Lambert,Montérégie,,J4R,115,9863,66,0.08139054238236668,0.3858136645962758,0.13416394004772178,0.0013316003075277665,7.0
44,606,31-54,0,0-10000,Saint-Bruno-de-Montarville,Montérégie,,J3V,115,9864,1,0.0,0.29536645962732716,0.13416394004772178,0.0008712739445023593,0.0
45,612,55-65,0,30001-50000,Franklin,Montérégie,,J0S,114,9857,29,0.0,0.333072463768115,0.13416394004772178,0.002355702095523889,0.0
46,636,66-80,0,20001-30000,Saint-Lambert,Montérégie,,J4R,115,9834,1,0.0,0.3426997929606623,0.13416394004772178,0.0008976222671082491,0.0
47,638,55-65,0,30001-50000,Longueuil,Montérégie,Le Vieux-Longueuil,J4K,115,9827,12,93.17303127031217,0.34414906832298114,0.13416394004772178,0.0012010728309495902,6.0
48,639,66-80,1,30001-50000,Longueuil,Montérégie,Le Vieux-Longueuil,J4K,115,9828,2,0.0,0.3426997929606623,0.13416394004772178,0.0009504619977806665,0.0
49,640,31-54,1,0,Longueuil,Montérégie,Le Vieux-Longueuil,J4K,115,9829,2,0.0,0.34777225672877854,0.13416394004772178,0.0009257075960983981,0.0
50,641,31-54,0,0-10000,Longueuil,Montérégie,Le Vieux-Longueuil,J4K,115,9830,4,0.0,0.35038095238095257,0.13416394004772178,0.001022912310657355,0.0
51,642,66-80,1,50001-,Beloeil,Montérégie,,J3G,115,9831,2,1.23091454141676,0.307453416149066,0.13416394004772178,0.0008712739445023499,7.0
52,643,31-54,0,0-10000,La Prairie,Montérégie,,J5R,115,9832,11,0.0,0.375726708074536,0.13416394004772178,0.0008976222671082491,1.0
53,651,66-80,1,30001-50000,Montréal,Montréal,Montréal-Nord,H2L,114,9820,2,0.0,0.3283933747412,0.13416394004772178,0.0009486522794978119,0.0
54,661,31-54,0,30001-50000,Richelieu,Montérégie,,J3L,115,9798,1,0.0,0.3213933747411992,0.13416394004772178,0.0008680507789702937,0.0
55,662,81-95,1,30001-50000,Longueuil,Montérégie,Le Vieux-Longueuil,J4J,115,9799,2,0.0,0.3213933747411992,0.13416394004772178,0.0008913190215047561,0.0
56,664,66-80,1,20001-30000,Candiac,Montérégie,,J5R,115,9801,5,0.0,0.36198757763975237,0.13416394004772178,0.0008712739445023499,6.0
57,672,66-80,0,20001-30000,Longueuil,Montérégie,Le Vieux-Longueuil,J4J,115,9797,17,0.0,0.375726708074536,0.13416394004772178,0.000950461997780585,6.0
58,684,55-65,0,30001-50000,Saint-Lambert,Montérégie,,J4P,115,9785,86,2886.409280793883,0.4229730848861302,0.13416394004772178,0.004075035621029024,5.0
59,686,66-80,0,30001-50000,Longueuil,Montérégie,Le Vieux-Longueuil,J4H,115,9787,32,823.6019693725203,0.3887701863354064,0.13416394004772178,0.0016450879832036502,6.0
60,729,66-80,0,30001-50000,Montréal,Montréal,Ville-Marie,H2L,115,9744,1,0.0,0.3426997929606623,0.13416394004772178,0.0008976222671082491,0.0
61,730,66-80,0,30001-50000,Longueuil,Montérégie,Le Vieux-Longueuil,J4M,115,9745,1,0.0,0.3213933747411992,0.13416394004772178,0.0008680507789702937,0.0
62,732,31-54,0,0-10000,Longueuil,Montérégie,Le Vieux-Longueuil,J4J,115,9747,1,0.0,0.3426997929606623,0.13416394004772178,0.0008976222671082491,0.0
63,760,66-80,0,20001-30000,Brossard,Montérégie,,J4X,115,9708,2,0.0,0.3241469979296051,0.13416394004772178,0.000988383491129219,0.0
64,761,31-54,1,30001-50000,Longueuil,Montérégie,Saint-Hubert,J3Y,115,9709,1,0.0,0.31174327122153034,0.13416394004772178,0.0008690119282880711,0.0
65,799,31-54,0,0-10000,Longueuil,Montérégie,Le Vieux-Longueuil,J4J,115,9670,1,0.0,0.31174327122153034,0.13416394004772178,0.0008690119282880711,0.0
66,802,31-54,1,10001-20000,Longueuil,Montérégie,Le Vieux-Longueuil,J4H,115,9664,1,0.0,0.31174327122153034,0.13416394004772178,0.0008690119282880711,0.0
67,803,66-80,0,30001-50000,Longueuil,Montérégie,Le Vieux-Longueuil,J4M,115,9665,1,0.0,0.32223395445134423,0.13416394004772178,0.0008520085307543551,0.0
68,805,55-65,0,30001-50000,Longueuil,Montérégie,Saint-Hubert,J4T,115,9667,11,8.986064184730298,0.3697846790890282,0.13416394004772178,0.0011723785793990543,6.0
69,816,66-80,0,20001-30000,Longueuil,Montérégie,Greenfield Park,J4R,115,9652,5,0.051700340436177925,0.34624844720496845,0.13416394004772178,0.0009474896794849629,6.0
70,829,66-80,0,0-10000,Longueuil,Montérégie,Le Vieux-Longueuil,J4L,115,9637,65,4.59393012815101,0.3787701863354057,0.13416394004772178,0.0014641280657217257,7.0
71,830,55-65,0,20001-30000,Montréal,Montréal,Verdun,H4H,115,9638,1,0.0,0.3426997929606623,0.13416394004772178,0.0008976222671082491,0.0
72,832,66-80,0,10001-20000,Longueuil,Montérégie,Saint-Hubert,J4T,115,9633,23,167.54432580004774,0.4060165631470002,0.13416394004772178,0.0010550565791435425,6.0
73,851,66-80,0,30001-50000,Longueuil,Montérégie,Le Vieux-Longueuil,J4G,115,9624,185,4.433455907388492,0.38239337474120305,0.13416394004772178,0.001978722804768126,7.0
74,854,31-54,0,30001-50000,Longueuil,Montérégie,Le Vieux-Longueuil,J4J,115,9611,4,13.944053713162747,0.33478674948240106,0.13416394004772178,0.0008690119282880711,6.0
75,855,66-80,0,30001-50000,Boucherville,Montérégie,,J4B,115,9612,40,52.614847834662314,0.3958260869565256,0.13416394004772178,0.0012630615761866964,6.0
76,856,31-54,0,30001-50000,Verchères,Montérégie,,J0L,115,9613,3,0.061890176045328996,0.3409440993788812,0.13416394004772178,0.0008520085307543501,7.0
77,857,0,0,30001-50000,Longueuil,Montérégie,Saint-Hubert,J4T,115,9614,100,488.0946176181229,0.3997846790890307,0.13416394004772178,0.008399434076163495,7.0
78,858,55-65,0,30001-50000,Longueuil,Montérégie,Le Vieux-Longueuil,J4J,115,9615,3,0.0,0.3426997929606623,0.13416394004772178,0.0008976222671082083,6.0
79,863,31-54,1,10001-20000,Longueuil,Montérégie,Le Vieux-Longueuil,J4H,115,9606,13,1051.9575437231374,0.40040579710145163,0.13416394004772178,0.002675739855211605,6.0
80,875,66-80,0,20001-30000,Québec,Capitale-Nationale,La Cité-Limoilou,G1S,115,9594,1,0.0,0.3426997929606623,0.13416394004772178,0.0008976222671082491,0.0
81,880,31-54,0,20001-30000,Longueuil,Montérégie,Le Vieux-Longueuil,J4J,115,9588,1,0.0,0.3213933747411992,0.13416394004772178,0.0008680507789702937,0.0
82,885,66-80,1,20001-30000,Brossard,Montérégie,,J4Z,115,9581,1,0.0,0.3426997929606623,0.13416394004772178,0.0008976222671082491,0.0
83,886,66-80,0,20001-30000,Longueuil,Montérégie,Saint-Hubert,J4T,115,9582,1,0.0,0.32223395445134423,0.13416394004772178,0.0008520085307543551,0.0
84,887,55-65,0,30001-50000,Longueuil,Montérégie,Greenfield Park,J4V,115,9584,3,0.0,0.3426997929606623,0.13416394004772178,0.0008976222671082083,6.0
85,888,66-80,1,30001-50000,Longueuil,Montérégie,Le Vieux-Longueuil,J4H,115,9585,53,434.9610639765368,0.39228985507246644,0.13416394004772178,0.0016399039250635252,5.0
86,890,31-54,0,0-10000,Longueuil,Montérégie,Le Vieux-Longueuil,J4L,115,9587,1,0.0,0.31174327122153034,0.13416394004772178,0.0008690119282880711,0.0
87,904,31-54,0,20001-30000,Saint-Lambert,Montérégie,,J4P,115,9565,3,0.0,0.36253830227743344,0.13416394004772178,0.0009208905096426248,6.0
88,905,66-80,0,20001-30000,Longueuil,Montérégie,Le Vieux-Longueuil,J4J,115,9566,3,788.3586673116026,0.3673498964803332,0.13416394004772178,0.0008712739445023499,6.0
89,929,31-54,0,10001-20000,Longueuil,Montérégie,Le Vieux-Longueuil,J4K,115,9549,4,3.316638092668388,0.33416149068322887,0.13416394004772178,0.0008680507789702481,7.0
90,934,31-54,0,30001-50000,Richelieu,Montérégie,,J3L,115,9533,1,0.0,0.31174327122153034,0.13416394004772178,0.0008690119282880711,0.0
91,935,31-54,0,0-10000,Saint-Amable,Montérégie,,J0L,115,9534,9,344.31246712829847,0.3745672877846808,0.13416394004772178,0.004562531214035318,6.0
92,937,66-80,0,30001-50000,Longueuil,Montérégie,Le Vieux-Longueuil,J4N,115,9536,6,0.60362560622113,0.34242236024844663,0.13416394004772178,0.0008520085307543501,7.0
93,938,31-54,0,0-10000,Saint-Amable,Montérégie,,J0L,115,9545,1,0.0,0.3426997929606623,0.13416394004772178,0.0008976222671082491,0.0
94,947,31-54,0,0-10000,Longueuil,Montérégie,Le Vieux-Longueuil,J4L,115,9518,4,0.0,0.3426997929606623,0.13416394004772178,0.0008976222671082083,6.0
95,948,55-65,0,10001-20000,Longueuil,Montérégie,Le Vieux-Longueuil,J4K,115,9519,1,0.0,0.3213933747411992,0.13416394004772178,0.0008680507789702937,0.0
96,954,31-54,0,30001-50000,Saint-Lambert,Montérégie,,J4R,115,9515,1,0.0,0.31174327122153034,0.13416394004772178,0.0008690119282880711,0.0
97,958,81-95,0,0-10000,Saint-Bruno-de-Montarville,Montérégie,,J3V,115,9510,1,0.0,0.32223395445134423,0.13416394004772178,0.0008520085307543551,0.0
98,959,81-95,1,0,Saint-Bruno-de-Montarville,Montérégie,,J3V,115,9511,2,0.0,0.3289151138716345,0.13416394004772178,0.0008819253577930414,0.0
99,968,0,1,30001-50000,Brossard,Montérégie,,J4Z,115,9500,1,0.0,0.32223395445134423,0.13416394004772178,0.0008520085307543551,0.0
100,969,66-80,0,30001-50000,Longueuil,Montérégie,Le Vieux-Longueuil,J4J,115,9501,2,0.0,0.32279917184264856,0.13416394004772178,0.000894409204112224,0.0
101,978,66-80,0,10001-20000,Montréal,Montréal,Le Plateau-Mont-Royal,H2H,114,9492,1,0.0,0.22520565907522694,0.13416394004772178,0.0008476095646089436,0.0
102,984,31-54,1,30001-50000,Longueuil,Montérégie,Le Vieux-Longueuil,J4H,115,9487,4,4.679675042754739,0.34616149068322954,0.13416394004772178,0.0008690119282880227,6.0
103,990,31-54,0,50001-,Saint-Denis-sur-Richelieu,Montérégie,,J0H,115,9479,6,8.945668661100271,0.3831180124223626,0.13416394004772178,0.0011301079278623447,7.0
104,992,66-80,0,30001-50000,Longueuil,Montérégie,Greenfield Park,J4V,115,9481,2,0.0,0.32223395445134423,0.13416394004772178,0.0008592345250728787,0.0
105,995,0,0,30001-50000,Longueuil,Montérégie,Le Vieux-Longueuil,J4N,115,9477,44,273.5699546219129,0.39594202898551023,0.13416394004772178,0.0024286834933942773,6.0
106,996,0,0,30001-50000,Longueuil,Montérégie,Le Vieux-Longueuil,J4J,115,9478,20,141.5837340596115,0.3579585921325056,0.13416394004772178,0.0009398287161501161,6.0
107,1003,31-54,0,20001-30000,Longueuil,Montérégie,Le Vieux-Longueuil,J4H,115,9467,1,0.0,0.31174327122153034,0.13416394004772178,0.0008690119282880711,0.0
108,1006,31-54,0,0-10000,Brossard,Montérégie,,J4W,115,9455,5,0.0,0.3298592132505167,0.13416394004772178,0.0010585862450523213,0.0
109,1019,0,0,20001-30000,Brossard,Montérégie,,J4Z,115,9445,1,0.0,0.31174327122153034,0.13416394004772178,0.0008690119282880711,0.0
110,1023,55-65,0,20001-30000,Candiac,Montérégie,,J5R,115,9448,308,847.101580606528,0.41819047619047783,0.13416394004772178,0.001407948103995948,5.0
111,1026,66-80,0,20001-30000,Candiac,Montérégie,,J5R,115,9451,37,0.9118273446192151,0.3789151138716376,0.13416394004772178,0.0009217625088129557,7.0
112,1035,55-65,1,30001-50000,Saint-Jean-de-Matha,Lanaudière,,J0K,115,9434,16,11.913395717535803,0.3581035196687379,0.13416394004772178,0.0009141377444861658,7.0
113,1036,0,0,50001-,Longueuil,Montérégie,Le Vieux-Longueuil,J4N,115,9435,2,0.0,0.3438592132505174,0.13416394004772178,0.0013305248081153236,0.0
114,1037,55-65,1,0-10000,Longueuil,Montérégie,Le Vieux-Longueuil,J4K,115,9436,2,0.0,0.32223395445134423,0.13416394004772178,0.0008592345250728787,0.0
115,1043,55-65,0,20001-30000,Brossard,Montérégie,,J4Z,115,9421,18,8.293005707110632,0.37391304347826304,0.13416394004772178,0.00151253018857079,6.0
116,1060,31-54,0,0-10000,Longueuil,Montérégie,Le Vieux-Longueuil,J4J,115,9412,4,0.0,0.3722484472049705,0.13416394004772178,0.0008690119282880227,7.0
117,1062,0,0,30001-50000,Longueuil,Montérégie,Le Vieux-Longueuil,J4H,115,9410,2,0.0,0.30106004140786524,0.13416394004772178,0.0008716694019401041,0.0
118,1066,55-65,0,10001-20000,Longueuil,Montérégie,Le Vieux-Longueuil,J4J,115,9404,20,32.5232337809993,0.40282815734989874,0.13416394004772178,0.0009661922013178054,5.0
119,1087,66-80,0,30001-50000,Longueuil,Montérégie,Greenfield Park,J4V,115,9384,1,0.0,0.32223395445134423,0.13416394004772178,0.0008520085307543551,0.0
120,1094,0,1,10001-20000,Longueuil,Montérégie,Greenfield Park,J4V,115,9369,5,2.931432247580107,0.3677556935817818,0.13416394004772178,0.0008690119282880227,6.0
121,1095,31-54,0,30001-50000,Longueuil,Montérégie,Le Vieux-Longueuil,J4K,115,9370,5,9.92635091397392,0.35356521739130436,0.13416394004772178,0.0008690119282880227,6.0
122,1096,0,0,30001-50000,Brossard,Montérégie,,J4X,115,9371,25,222.7225999449916,0.39721739130435074,0.13416394004772178,0.0021980895685103346,6.0
123,1097,66-80,0,30001-50000,Saint-Lambert,Montérégie,,J4R,115,9372,2,0.0,0.3143519668737043,0.13416394004772178,0.0008989287553267574,0.0
124,1098,55-65,1,10001-20000,Longueuil,Montérégie,Le Vieux-Longueuil,J4L,115,9373,1,0.0,0.31174327122153034,0.13416394004772178,0.0008690119282880711,0.0
125,1099,31-54,0,10001-20000,Longueuil,Montérégie,Le Vieux-Longueuil,J4J,115,9374,4,11.849354376911077,0.34094409937888104,0.13416394004772178,0.0010185942141342928,7.0
126,1100,66-80,1,10001-20000,Longueuil,Montérégie,Le Vieux-Longueuil,J4H,115,9375,51,261.92821236818486,0.4022484472049714,0.13416394004772178,0.001188981342974334,6.0
127,1101,0,0,20001-30000,Longueuil,Montérégie,Le Vieux-Longueuil,J4J,115,9376,2,0.0,0.35992960662525947,0.13416394004772178,0.0008520085307543501,7.0
128,1114,66-80,0,10001-20000,Longueuil,Montérégie,Le Vieux-Longueuil,J4R,115,9357,5,0.0,0.3312339544513444,0.13416394004772178,0.001338275361688462,0.0
129,1131,31-54,0,10001-20000,Montréal,Montréal,Rosemont--La Petite-Patrie,H1Y,114,9344,3,0.0,0.22520565907522694,0.13416394004772178,0.0008532636209551678,0.0
130,1135,31-54,0,30001-50000,Longueuil,Montérégie,Le Vieux-Longueuil,J4K,115,9330,5,0.0,0.3789151138716377,0.13416394004772178,0.0008976222671082083,6.0
131,1136,55-65,1,0-10000,Longueuil,Montérégie,Saint-Hubert,J3Y,115,9331,9,0.73749607858185,0.38506004140787065,0.13416394004772178,0.0008680507789702481,5.0
132,1139,55-65,0,30001-50000,Varennes,Montérégie,,J3X,115,9334,9,1.26473547596908,0.3945672877846815,0.13416394004772178,0.0009121434939214149,6.0
133,1147,0,0,20001-30000,Longueuil,Montérégie,Le Vieux-Longueuil,J4R,115,9320,1,0.0,0.3213933747411992,0.13416394004772178,0.0008680507789702937,0.0
134,1149,31-54,1,30001-50000,Delson,Montérégie,,J5B,115,9322,1,0.0,0.3213933747411992,0.13416394004772178,0.0008680507789702937,0.0
135,1151,31-54,0,20001-30000,Longueuil,Montérégie,Le Vieux-Longueuil,J4L,115,9318,11,39.23056601232787,0.35836438923395486,0.13416394004772178,0.0012701697140043917,6.0
136,1172,55-65,0,50001-,Longueuil,Montérégie,Le Vieux-Longueuil,J4K,115,9294,2,0.0,0.3230766045548642,0.13416394004772178,0.000910290937648484,6.0
137,1173,31-54,0,20001-30000,Longueuil,Montérégie,Le Vieux-Longueuil,J4J,115,9295,10,241.59382877164327,0.363714285714287,0.13416394004772178,0.0015766336711682551,6.0
138,1175,31-54,0,30001-50000,Saint-Lambert,Montérégie,,J4R,115,9297,1,0.0,0.29536645962732716,0.13416394004772178,0.0008712739445023593,0.0
139,1176,31-54,0,0-10000,Longueuil,Montérégie,Le Vieux-Longueuil,J4H,115,9298,3,0.0,0.32223395445134423,0.13416394004772178,0.0008664605193914023,0.0
140,1177,31-54,0,20001-30000,Longueuil,Montérégie,Greenfield Park,J4V,115,9299,1,0.0,0.3213933747411992,0.13416394004772178,0.0008680507789702937,0.0
141,1178,66-80,0,20001-30000,Longueuil,Montérégie,Le Vieux-Longueuil,J4L,115,9300,178,1866.706643842372,0.4431759834368554,0.13416394004772178,0.004543303930119553,6.0
142,1191,31-54,1,50001-,Saint-Mathieu,Montérégie,,J0L,115,9323,1,0.0,0.31174327122153034,0.13416394004772178,0.0008690119282880711,0.0
143,1192,31-54,0,50001-,Saint-Mathieu,Montérégie,,J0L,115,9324,1,0.0,0.31174327122153034,0.13416394004772178,0.0008690119282880711,0.0
144,1201,31-54,1,20001-30000,Longueuil,Montérégie,Le Vieux-Longueuil,J4L,115,9281,7,3.449221204986456,0.39436438923395706,0.13416394004772178,0.0008680507789702481,5.0
145,1203,31-54,0,0-10000,Longueuil,Montérégie,Le Vieux-Longueuil,J4L,115,9262,1,0.0,0.3426997929606623,0.13416394004772178,0.0008976222671082491,0.0
146,1204,31-54,0,0-10000,Longueuil,Montérégie,Saint-Hubert,J4T,115,9263,3,0.0,0.3426997929606623,0.13416394004772178,0.001003301728453084,0.0
147,1205,66-80,1,10001-20000,Verchères,Montérégie,,J0L,115,9264,1,0.0,0.32223395445134423,0.13416394004772178,0.0008520085307543551,0.0
148,1206,66-80,0,30001-50000,Longueuil,Montérégie,Le Vieux-Longueuil,J4J,115,9265,124,10.746610658756778,0.38794202898550995,0.13416394004772178,0.0009633783023519876,6.0
149,1229,31-54,0,10001-20000,Saint-Constant,Montérégie,,J5A,115,9241,1,0.0,0.3213933747411992,0.13416394004772178,0.0008680507789702937,0.0
150,1230,31-54,0,20001-30000,Longueuil,Montérégie,Le Vieux-Longueuil,J4J,115,9242,6,39.597718495929136,0.3831180124223626,0.13416394004772178,0.000950461997780585,7.0
151,1235,31-54,0,50001-,Longueuil,Montérégie,Le Vieux-Longueuil,J4L,115,9232,1,0.0,0.3213933747411992,0.13416394004772178,0.0008680507789702937,0.0
152,1236,31-54,0,50001-,Brossard,Montérégie,,J4Y,115,9233,2,0.0,0.3586542443064188,0.13416394004772178,0.0008712739445023593,1.0
153,1237,66-80,0,10001-20000,Longueuil,Montérégie,Greenfield Park,J4V,115,9234,1,0.0,0.32223395445134423,0.13416394004772178,0.0008520085307543551,0.0
154,1238,0,0,20001-30000,Longueuil,Montérégie,Saint-Hubert,J3Y,115,9235,4,1.6933929158983019,0.33334989648033003,0.13416394004772178,0.0008680507789702481,6.0
155,1239,31-54,0,50001-,Longueuil,Montérégie,Greenfield Park,J4V,115,9236,3,0.0,0.3783354037267101,0.13416394004772178,0.0009356774264636748,1.0
156,1250,31-54,0,50001-,Saint-Lambert,Montérégie,,J4P,115,9225,6,16.146011659063625,0.37804554865424617,0.13416394004772178,0.0011023942840604364,7.0
157,1251,31-54,0,50001-,Longueuil,Montérégie,Saint-Hubert,J3Y,115,9226,6,40.597572856141376,0.32261283643892225,0.13416394004772178,0.0010113682198157742,6.0
158,1253,31-54,0,30001-50000,Longueuil,Montérégie,Le Vieux-Longueuil,J4N,115,9228,1,0.0,0.32223395445134423,0.13416394004772178,0.0008520085307543551,0.0
159,1254,31-54,0,0,Longueuil,Montérégie,Greenfield Park,J4V,115,9229,5,9.92622227148277,0.3744223602484489,0.13416394004772178,0.0008690119282880227,5.0
160,1255,55-65,0,10001-20000,Longueuil,Montérégie,Saint-Hubert,J3Y,115,9230,8,40.61478093181083,0.3526252587991718,0.13416394004772178,0.0016141281110854662,6.0
161,1261,31-54,0,30001-50000,Boucherville,Montérégie,,J4B,115,9207,2,0.0,0.34414906832298114,0.13416394004772178,0.0010232645897771068,0.0
162,1262,81-95,0,10001-20000,Longueuil,Montérégie,Saint-Hubert,J3Y,115,9208,2,0.0,0.32223395445134423,0.13416394004772178,0.0008592345250728787,0.0
163,1266,81-95,0,20001-30000,Longueuil,Montérégie,Le Vieux-Longueuil,J4H,115,9206,20,1.9074606870224835,0.3871759834368556,0.13416394004772178,0.0009778606657061119,6.0
164,1285,66-80,0,20001-30000,Longueuil,Montérégie,Saint-Hubert,J3Y,115,9183,38,1959.1113582170237,0.4046542443064231,0.13416394004772178,0.004696341115043666,6.0
165,1286,66-80,0,50001-,Brossard,Montérégie,,J4X,115,9184,1,0.0,0.32223395445134423,0.13416394004772178,0.0008520085307543551,0.0
166,1317,55-65,0,10001-20000,Longueuil,Montérégie,Le Vieux-Longueuil,J4K,115,9151,1,0.0,0.29536645962732716,0.13416394004772178,0.0008712739445023593,0.0
167,1319,31-54,0,30001-50000,Longueuil,Montérégie,Le Vieux-Longueuil,J4H,115,9153,1,0.0,0.3426997929606623,0.13416394004772178,0.0008976222671082491,0.0
168,1329,31-54,0,50001-,Saint-Jean-sur-Richelieu,Montérégie,,J2W,115,9137,11,104.28145029557629,0.3807412008281594,0.13416394004772178,0.0016951393078310998,7.0
169,1330,31-54,0,30001-50000,Longueuil,Montérégie,Le Vieux-Longueuil,J4J,115,9138,1,0.0,0.3213933747411992,0.13416394004772178,0.0008680507789702937,0.0
170,1348,55-65,0,20001-30000,Saint-Bruno-de-Montarville,Montérégie,,J3V,115,9120,13,0.0,0.3608281573498972,0.13416394004772178,0.0008912263593446679,1.0
171,1382,66-80,0,10001-20000,Brossard,Montérégie,,J4W,115,9087,4,0.0,0.3426997929606623,0.13416394004772178,0.000950461997780585,6.0
172,1383,66-80,1,10001-20000,Longueuil,Montérégie,Greenfield Park,J4V,115,9088,7,44.233281378215544,0.35086956521739115,0.13416394004772178,0.0009436946696164701,5.0
173,1405,66-80,1,10001-20000,Longueuil,Montérégie,Le Vieux-Longueuil,J4H,115,9063,1,0.0,0.3213933747411992,0.13416394004772178,0.0008680507789702937,0.0
174,1434,31-54,0,20001-30000,Longueuil,Montérégie,Greenfield Park,J4V,115,9032,3,0.0,0.3426997929606623,0.13416394004772178,0.0008976222671082083,6.0
175,1462,0,0,20001-30000,Beloeil,Montérégie,,J3G,115,9005,1,0.0,0.3426997929606623,0.13416394004772178,0.0008976222671082491,0.0
176,1544,0,0,30001-50000,Longueuil,Montérégie,Le Vieux-Longueuil,J4H,115,8923,1,0.0,0.3426997929606623,0.13416394004772178,0.0008976222671082491,0.0
177,1566,31-54,1,10001-20000,Longueuil,Montérégie,Le Vieux-Longueuil,J4J,115,8901,11,0.0,0.38123395445134795,0.13416394004772178,0.001370186720608253,7.0
178,1567,31-54,0,10001-20000,Mercier,Montérégie,,J6R,115,8902,13,9.07616693719006,0.3205838509316759,0.13416394004772178,0.0015787921089112148,7.0
179,1568,31-54,0,10001-20000,Longueuil,Montérégie,Le Vieux-Longueuil,J4H,115,8903,1,0.0,0.3213933747411992,0.13416394004772178,0.0008680507789702937,0.0
180,1569,31-54,0,10001-20000,Candiac,Montérégie,,J5R,115,8904,12,17.517009663888622,0.36736231884058085,0.13416394004772178,0.001034701480802358,7.0
181,1581,31-54,0,10001-20000,Montréal,Montréal,Villeray--Saint-Michel--Parc-Extension,H2E,114,8884,2,0.0,0.3261325051759824,0.13416394004772178,0.0009446757265522284,0.0
182,1610,31-54,0,0-10000,Longueuil,Montérégie,Le Vieux-Longueuil,J4L,115,8849,1,0.0,0.29536645962732716,0.13416394004772178,0.0008712739445023593,0.0
183,1611,31-54,0,10001-20000,Longueuil,Montérégie,Saint-Hubert,J3Y,115,8850,3,0.0,0.3337846790890259,0.13416394004772178,0.001280856508698603,0.0
184,1616,31-54,0,10001-20000,Longueuil,Montérégie,Saint-Hubert,J3Y,115,8857,18,38.5551799812984,0.37732091097308673,0.13416394004772178,0.001153590111437105,7.0
185,1648,66-80,0,0,Boucherville,Montérégie,,J4B,115,8821,16,13.382382373533135,0.38460869565217626,0.13416394004772178,0.0011398631201644544,6.0
186,1669,66-80,0,20001-30000,Longueuil,Montérégie,Le Vieux-Longueuil,J4H,115,8800,1,0.0,0.3213933747411992,0.13416394004772178,0.0008680507789702937,0.0
187,1684,81-95,0,30001-50000,Brossard,Montérégie,,J4W,115,8784,1,0.0,0.3143933747411992,0.13416394004772178,0.0008699050025827416,0.0
188,1685,31-54,0,30001-50000,Longueuil,Montérégie,Le Vieux-Longueuil,J4H,115,8785,10,540.8014390617952,0.3404513457556928,0.13416394004772178,0.0013262147035457402,7.0
189,1712,18-30,1,50001-,Longueuil,Montérégie,Saint-Hubert,J3Y,115,8748,21,95.23697715691105,0.3973623188405822,0.13416394004772178,0.0010963306473506641,5.0
190,1713,66-80,1,30001-50000,Longueuil,Montérégie,Le Vieux-Longueuil,J4H,115,8749,9,7.909442324176194,0.37862525879917386,0.13416394004772178,0.0009217962541850678,7.0
191,1739,31-54,0,50001-,Montréal,Montréal,Côte-des-Neiges--Notre-Dame-de-Grâce,H3S,114,8725,1,0.0,0.22520565907522694,0.13416394004772178,0.0008476095646089436,0.0
192,1747,55-65,0,0-10000,Longueuil,Montérégie,Greenfield Park,J4V,115,8715,14,89.29851586036307,0.37268322981366603,0.13416394004772178,0.0011938034739167375,6.0
193,1748,0,0,50001-,Longueuil,Montérégie,Saint-Hubert,J3Y,115,8716,64,2984.5227940994064,0.4214202898550747,0.13416394004772178,0.006075477864447874,6.0
194,1750,31-54,0,0-10000,Brossard,Montérégie,,J4Y,115,8718,5,3.5563271217527226,0.3001200828157329,0.13416394004772178,0.0010113682198157742,7.0
195,1771,66-80,0,0-10000,Longueuil,Montérégie,Le Vieux-Longueuil,J4J,115,8701,2,0.0,0.3515403726708079,0.13416394004772178,0.0009649268749901571,0.0
196,1783,31-54,0,20001-30000,Longueuil,Montérégie,Le Vieux-Longueuil,J4J,115,8683,1,0.0,0.3213933747411992,0.13416394004772178,0.0008680507789702937,0.0
197,1786,55-65,1,0-10000,Longueuil,Montérégie,Le Vieux-Longueuil,J4J,115,8670,1,0.0,0.3143933747411992,0.13416394004772178,0.0008699050025827416,0.0
198,1788,66-80,0,30001-50000,Boucherville,Montérégie,,J4B,115,8672,27,42.932817682363506,0.36185507246376875,0.13416394004772178,0.0008799066776084201,6.0
199,1803,31-54,0,0-10000,Longueuil,Montérégie,Le Vieux-Longueuil,J4H,115,8676,1,0.0,0.3426997929606623,0.13416394004772178,0.0008976222671082491,0.0
200,1810,31-54,0,0-10000,Longueuil,Montérégie,Le Vieux-Longueuil,J4K,115,8659,1,0.0,0.3213933747411992,0.13416394004772178,0.0008680507789702937,0.0
201,1841,66-80,0,30001-50000,Longueuil,Montérégie,Le Vieux-Longueuil,J4L,115,8625,119,5.932938099161022,0.3918136645962759,0.13416394004772178,0.001316870570986088,6.0
202,1842,66-80,0,30001-50000,Longueuil,Montérégie,Le Vieux-Longueuil,J4K,115,8626,28,0.0,0.37707246376811787,0.13416394004772178,0.0008699050025826176,6.0
203,1866,55-65,0,0-10000,Delson,Montérégie,,J5B,115,8604,2,0.0,0.3438592132505174,0.13416394004772178,0.0010523717265085077,0.0
204,1867,66-80,1,30001-50000,Saint-Lambert,Montérégie,,J4S,115,8605,55,400.2980770837138,0.3983354037267109,0.13416394004772178,0.0019544798968478545,6.0
205,1868,31-54,0,0-10000,Piedmont,Laurentides,,J0R,115,8606,42,1029.8433044986527,0.4142774327122176,0.13416394004772178,0.002323671935847525,6.0
206,1869,66-80,1,10001-20000,Longueuil,Montérégie,Greenfield Park,J3Y,115,8607,26,117.46481294669266,0.37852173913043646,0.13416394004772178,0.0012728827977988113,6.0
207,1885,66-80,1,30001-50000,Montréal,Montréal,Rosemont--La Petite-Patrie,H2S,114,8588,1,0.0,0.22520565907522694,0.13416394004772178,0.0008476095646089436,0.0
208,1890,66-80,1,10001-20000,Saint-Bruno-de-Montarville,Montérégie,,J3V,115,8576,6,40.87368607758567,0.30006211180123993,0.13416394004772178,0.0012614169852018802,7.0
209,1891,66-80,0,10001-20000,Saint-Bruno-de-Montarville,Montérégie,,J3V,115,8577,3,0.0,0.32414699792960505,0.13416394004772178,0.001145807078147797,0.0
210,1895,66-80,0,30001-50000,Montréal,Montréal,Rosemont--La Petite-Patrie,H2G,114,8558,2,0.0,0.22520565907522694,0.13416394004772178,0.0008504365927820557,0.0
211,1927,55-65,0,10001-20000,Longueuil,Montérégie,Le Vieux-Longueuil,J4J,115,8537,1,0.0,0.3213933747411992,0.13416394004772178,0.0008680507789702937,0.0
212,1931,66-80,0,10001-20000,Mercier,Montérégie,,J6R,115,8528,3,12.878664605490716,0.356306418219462,0.13416394004772178,0.0008976222671082083,7.0
213,1932,31-54,0,50001-,Longueuil,Montérégie,Saint-Hubert,J3Y,115,8529,5,0.0,0.3789151138716377,0.13416394004772178,0.0008976222671082083,7.0
214,1933,31-54,0,50001-,Longueuil,Montérégie,Le Vieux-Longueuil,J4J,115,8530,7,7.136453620386472,0.375958592132507,0.13416394004772178,0.0010499267198937367,7.0
215,1934,66-80,0,50001-,Saint-Lambert,Montérégie,,J4S,115,8531,446,2586.851755913777,0.47513043478260847,0.13416394004772178,0.010113720608009882,6.0
216,1935,66-80,0,20001-30000,Saint-Lambert,Montérégie,,J4S,115,8532,117,1121.2059067768469,0.4236977225672895,0.13416394004772178,0.0017553477156492265,5.0
217,1936,31-54,0,10001-20000,Longueuil,Montérégie,Le Vieux-Longueuil,J4J,115,8533,3,0.0,0.3345217391304338,0.13416394004772178,0.0008699050025826176,6.0
218,1937,18-30,1,0-10000,Longueuil,Montérégie,Le Vieux-Longueuil,J4H,115,8534,1,0.0,0.3213933747411992,0.13416394004772178,0.0008680507789702937,0.0
219,1978,66-80,0,30001-50000,Longueuil,Montérégie,Le Vieux-Longueuil,J4J,115,8483,633,4463.578220808106,0.45031884057971294,0.13416394004772178,0.007718111980049963,5.0
220,1979,66-80,1,50001-,Boucherville,Montérégie,,J4B,115,8484,7,0.0,0.32877018633540245,0.13416394004772178,0.0010259069434461188,6.0
221,1980,66-80,0,30001-50000,Longueuil,Montérégie,Saint-Hubert,J3Y,115,8485,47,463.9848227559152,0.40963975155279725,0.13416394004772178,0.0018219442430570919,6.0
222,1981,81-95,0,20001-30000,Longueuil,Montérégie,Le Vieux-Longueuil,J4J,115,8486,15,0.0,0.3741325051759852,0.13416394004772178,0.0008520085307543501,7.0
223,1982,66-80,0,10001-20000,Longueuil,Montérégie,Le Vieux-Longueuil,J4L,115,8487,35,9.242025330461455,0.3730144927536248,0.13416394004772178,0.0011355223170008487,7.0
224,1983,66-80,0,30001-50000,Saint-Cyprien-de-Napierville,Montérégie,,J0J,115,8488,3,0.49347826086956526,0.32963975155279385,0.13416394004772178,0.0008520085307543501,7.0
225,2011,31-54,0,10001-20000,Longueuil,Montérégie,Le Vieux-Longueuil,J4P,115,8447,58,159.5176046044127,0.3998260869565243,0.13416394004772178,0.0017619769201987425,6.0
226,2012,66-80,0,30001-50000,Aston-Jonction,Centre-du-Québec,,J4J,115,8448,12,163.9129253138936,0.36456728778467995,0.13416394004772178,0.000922755667716002,6.0
227,2013,66-80,1,10001-20000,Longueuil,Montérégie,Le Vieux-Longueuil,J4J,115,8449,95,533.3849566119825,0.3954368530020733,0.13416394004772178,0.0023359278211949417,6.0
228,2015,31-54,0,50001-,Longueuil,Montérégie,Saint-Hubert,J3Y,115,8450,3,0.5040034736768421,0.3367122153209108,0.13416394004772178,0.0009236504777974373,7.0
229,2018,31-54,1,30001-50000,Longueuil,Montérégie,Le Vieux-Longueuil,J4J,115,8453,1,0.0,0.3426997929606623,0.13416394004772178,0.0008976222671082491,0.0
230,2020,55-65,0,20001-30000,Longueuil,Montérégie,Le Vieux-Longueuil,J4G,115,8455,1,0.0,0.3213933747411992,0.13416394004772178,0.0008680507789702937,0.0
231,2060,31-54,0,10001-20000,Longueuil,Montérégie,Le Vieux-Longueuil,J4J,115,8402,1,0.0,0.29536645962732716,0.13416394004772178,0.0008712739445023593,0.0
232,2062,55-65,0,0-10000,Longueuil,Montérégie,Greenfield Park,J4V,115,8404,10,5.867142873689014,0.377031055900623,0.13416394004772178,0.001145053684430631,6.0
233,2065,31-54,0,0-10000,Longueuil,Montérégie,Le Vieux-Longueuil,J4M,115,8407,97,4207.472308177578,0.4428695652173927,0.13416394004772178,0.007136542142464796,6.0
234,2066,66-80,0,10001-20000,Napierville,Montérégie,,J0J,115,8408,1,0.0,0.3213933747411992,0.13416394004772178,0.0008680507789702937,0.0
235,2101,66-80,0,0-10000,Longueuil,Montérégie,Le Vieux-Longueuil,J4K,115,8361,1,0.0,0.32223395445134423,0.13416394004772178,0.0008520085307543551,0.0
236,2102,66-80,0,50001-,Saint-Hyacinthe,Montérégie,,J2S,115,8363,14,54.964087497993006,0.3453084886128363,0.13416394004772178,0.0008976222671082083,6.0
237,2103,31-54,0,20001-30000,Saint-Jean-sur-Richelieu,Montérégie,,J2X,115,8364,1,0.0,0.3143933747411992,0.13416394004772178,0.0008699050025827416,0.0
238,2104,0,0,10001-20000,Longueuil,Montérégie,Saint-Hubert,J3Y,115,8380,1,0.0,0.29536645962732716,0.13416394004772178,0.0008712739445023593,0.0
239,2105,31-54,0,10001-20000,McMasterville,Montérégie,,J3G,115,8381,12,0.2039829691027431,0.37137888198757907,0.13416394004772178,0.0011987991596454244,7.0
240,2106,0,0,10001-20000,Saint-Lambert,Montérégie,,J4P,115,8383,1,0.0,0.29536645962732716,0.13416394004772178,0.0008712739445023593,0.0
241,2134,81-95,1,10001-20000,Longueuil,Montérégie,Greenfield Park,J4K,115,8335,31,44.41132987970209,0.42132091097308666,0.13416394004772178,0.0008520085307543551,5.0
242,2135,55-65,0,20001-30000,Varennes,Montérégie,,J3X,115,8336,38,32.942506347053246,0.37183022774327296,0.13416394004772178,0.000910290937648484,6.0
243,2136,31-54,0,30001-50000,Longueuil,Montérégie,Le Vieux-Longueuil,J4H,115,8337,6,4.612052096765899,0.3460165631469976,0.13416394004772178,0.0008854409251526323,7.0
244,2137,31-54,1,30001-50000,Longueuil,Montérégie,Greenfield Park,J4H,115,8338,5,12.916154388279272,0.34479917184264985,0.13416394004772178,0.0008712739445023499,6.0
245,2138,31-54,1,30001-50000,Montréal,Montréal,Rivière-des-Prairies--Pointe-aux-Trembles,H1E,115,8339,1,0.0,0.3143933747411992,0.13416394004772178,0.0008699050025827416,0.0
246,2145,66-80,0,20001-30000,Longueuil,Montérégie,Saint-Hubert,J3Y,115,8316,1,0.0,0.3426997929606623,0.13416394004772178,0.0008976222671082491,0.0
247,2146,66-80,0,0,Longueuil,Montérégie,Greenfield Park,J4V,115,8317,36,24.06822641724499,0.3832629399585944,0.13416394004772178,0.0010645620661081962,6.0
248,2147,66-80,0,20001-30000,Delson,Montérégie,,J5B,115,8318,174,1305.635938782526,0.4011304347826116,0.13416394004772178,0.0030027961833554505,6.0
249,2148,31-54,0,10001-20000,Longueuil,Montérégie,Le Vieux-Longueuil,J4K,115,8319,5,7.143358383939814,0.34953623188405764,0.13416394004772178,0.000977291790490225,6.0
250,2150,66-80,0,20001-30000,Delson,Montérégie,,J4B,115,8344,2,0.0,0.3143933747411992,0.13416394004772178,0.0008950274687296515,0.0
251,2160,0,1,10001-20000,Longueuil,Montérégie,Greenfield Park,J4V,115,8305,4,0.0,0.30717598343685054,0.13416394004772178,0.0008447825364358316,7.0
252,2161,66-80,0,10001-20000,Longueuil,Montérégie,Le Vieux-Longueuil,J4M,115,8306,58,2119.1978069849374,0.40016149068323276,0.13416394004772178,0.0025924288044807085,5.0
253,2162,66-80,0,50001-,Montréal,Montréal,Verdun,H3E,115,8307,2,0.0,0.36430641821946264,0.13416394004772178,0.0008520085307543551,1.0
254,2185,31-54,0,0,Longueuil,Montérégie,Le Vieux-Longueuil,J4K,115,8275,6,11.837417179480067,0.36155279503105664,0.13416394004772178,0.0009102909376485804,1.0
255,2186,66-80,0,30001-50000,Longueuil,Montérégie,Le Vieux-Longueuil,J4H,115,8276,19,283.52251622346785,0.3753209109730865,0.13416394004772178,0.0013070884667176622,7.0
256,2226,55-65,1,20001-30000,Marieville,Montérégie,,J3M,115,8240,7,264.42920546132365,0.3483354037267078,0.13416394004772178,0.0008520085307543501,6.0
257,2231,31-54,0,20001-30000,Montréal,Montréal,Mercier--Hochelaga-Maisonneuve,H1V,88,8232,1,0.0,0.2323354037267084,0.13416394004772178,0.0009674201708932218,0.0
258,2234,55-65,1,30001-50000,Longueuil,Montérégie,Saint-Hubert,J4T,115,8229,11,0.0,0.3658716356107672,0.13416394004772178,0.0009524835940840224,7.0
259,2251,66-80,1,30001-50000,Saint-Hyacinthe,Montérégie,,J2R,115,8211,5,263.94734893020836,0.3627991718426519,0.13416394004772178,0.0008520085307543501,7.0
260,2253,66-80,0,30001-50000,Verchères,Montérégie,,J0L,115,8213,16,2.0428897601375686,0.3748985507246394,0.13416394004772178,0.0008936393475178659,7.0
261,2254,31-54,0,0-10000,Longueuil,Montérégie,Le Vieux-Longueuil,J4J,115,8214,32,293.9039450515421,0.40384265010352216,0.13416394004772178,0.0027326118486437757,6.0
262,2255,66-80,0,0,Longueuil,Montérégie,Le Vieux-Longueuil,J4G,115,8215,15,76.75553977930265,0.3930144927536261,0.13416394004772178,0.0011764005441468846,6.0
263,2260,66-80,0,50001-,Longueuil,Montérégie,Le Vieux-Longueuil,J4L,115,8210,15,487.56819721939905,0.3447122153209104,0.13416394004772178,0.001969859797549876,7.0
264,2291,31-54,0,10001-20000,Longueuil,Montérégie,Saint-Hubert,J4T,115,8173,11,981.7902157551496,0.3802194616977245,0.13416394004772178,0.0009679268671985696,5.0
265,2316,81-95,1,0,Longueuil,Montérégie,Le Vieux-Longueuil,J4J,115,8149,69,319.77792409088147,0.42610351966873844,0.13416394004772178,0.00217095150437212,5.0
266,2317,55-65,0,0,Longueuil,Montérégie,Le Vieux-Longueuil,J4G,115,8150,6,36.11200133333016,0.33520496894409846,0.13416394004772178,0.000910290937648484,6.0
267,2318,55-65,1,30001-50000,Sainte-Catherine,Montérégie,,J5C,115,8151,2,0.05192683338278294,0.3253664596273283,0.13416394004772178,0.0008712739445023499,6.0
268,2319,66-80,0,50001-,Brossard,Montérégie,,J4Z,115,8152,116,1739.9709273941805,0.4215652173913064,0.13416394004772178,0.002817802296495803,5.0
269,2322,0,0,0,Longueuil,Montérégie,Saint-Hubert,J4T,115,8139,2691,0.0,0.5748985507246367,0.13416394004772178,0.12085555387802627,0.0
270,2352,0,0,10001-20000,Saint-Lambert,Montérégie,,J4P,115,8104,5,0.0,0.3766376811594222,0.13416394004772178,0.0010009218050079224,7.0
271,2360,55-65,0,50001-,Montréal,Montréal,Anjou,H1M,114,8092,3,0.0,0.22520565907522694,0.13416394004772178,0.0008532636209551678,0.0
272,2373,96-150,0,20001-30000,Longueuil,Montérégie,Saint-Hubert,J3Y,115,8081,1,0.0,0.29536645962732716,0.13416394004772178,0.0008712739445023593,0.0
273,2383,66-80,0,0-10000,Longueuil,Montérégie,Saint-Hubert,J3Y,115,8082,47,1009.4685799030815,0.4115238095238118,0.13416394004772178,0.001276972292463446,6.0
274,2384,81-95,0,30001-50000,Saint-Lambert,Montérégie,,J4R,115,8083,8,0.7851337821770025,0.35792960662525936,0.13416394004772178,0.001053308244346048,6.0
275,2385,55-65,0,0-10000,Longueuil,Montérégie,Le Vieux-Longueuil,J4H,115,8084,5,0.0,0.3848571428571453,0.13416394004772178,0.0009082361809099157,6.0
276,2419,55-65,0,0,Longueuil,Montérégie,Saint-Hubert,J3Y,115,8038,61,928.1125090671397,0.43556521739130566,0.13416394004772178,0.001322982871865612,5.0
277,2421,31-54,0,50001-,Longueuil,Montérégie,Greenfield Park,J4V,115,8040,5,11.766914141114436,0.3421035196687366,0.13416394004772178,0.0009238150463513956,6.0
278,2451,66-80,0,30001-50000,Longueuil,Montérégie,Le Vieux-Longueuil,J4K,115,8008,5,0.10560098638900238,0.3486252587991716,0.13416394004772178,0.000917898022986315,7.0
279,2453,81-95,0,10001-20000,Longueuil,Montérégie,Le Vieux-Longueuil,J4K,115,8014,2,0.0,0.36430641821946264,0.13416394004772178,0.0008520085307543551,1.0
280,2458,18-30,0,10001-20000,Montréal,Montréal,Mercier--Hochelaga-Maisonneuve,H1W,113,8001,1,0.0,0.3283933747412,0.13416394004772178,0.0008967174079668218,0.0
281,2505,66-80,0,30001-50000,Longueuil,Montérégie,Le Vieux-Longueuil,J4J,115,7971,6,0.0,0.37572670807453595,0.13416394004772178,0.0008592345250728685,7.0
282,2544,66-80,0,20001-30000,Brossard,Montérégie,,J4Z,115,7904,458,7703.557904709898,0.45350724637681433,0.13416394004772178,0.007243424073223022,5.0
283,2545,55-65,0,30001-50000,Longueuil,Montérégie,Le Vieux-Longueuil,J4H,115,7905,46,491.74264839467975,0.41576811594203095,0.13416394004772178,0.005681659182158086,7.0
284,2546,66-80,1,20001-30000,Longueuil,Montérégie,Le Vieux-Longueuil,J4L,115,7906,90,206.72597771482506,0.3976107660455516,0.13416394004772178,0.0017294788631785222,6.0
285,2547,81-95,0,10001-20000,Longueuil,Montérégie,Le Vieux-Longueuil,J4L,115,7907,34,0.18925228861663843,0.37575569358178224,0.13416394004772178,0.0014269929946000314,8.0
286,2548,66-80,0,10001-20000,Longueuil,Montérégie,Le Vieux-Longueuil,J4H,115,7908,32,60.967170064135495,0.40653830227743504,0.13416394004772178,0.0014771212788487781,6.0
287,2549,55-65,0,0-10000,Saint-Lambert,Montérégie,,J4P,115,7909,29,330.3131793307538,0.4036977225672899,0.13416394004772178,0.0018399327168572093,6.0
288,2552,66-80,0,10001-20000,Longueuil,Montérégie,Le Vieux-Longueuil,J4K,115,7912,3,0.0,0.3522650103519672,0.13416394004772178,0.0009769534058471942,0.0
289,2554,55-65,0,50001-,Beloeil,Montérégie,,J3G,115,7914,3,258.96607230676193,0.33858178053830285,0.13416394004772178,0.0008680507789702481,8.0
290,2555,66-80,1,20001-30000,Longueuil,Montérégie,Le Vieux-Longueuil,J4H,115,7915,190,2035.0855507101783,0.42349482401656513,0.13416394004772178,0.004493583929881019,6.0
291,2590,66-80,0,30001-50000,Montréal,Montréal,Rosemont--La Petite-Patrie,H2G,114,7870,1,0.0,0.22520565907522694,0.13416394004772178,0.0008476095646089436,0.0
292,2601,55-65,0,0-10000,Longueuil,Montérégie,Saint-Hubert,J3Y,115,7858,54,586.4490740524319,0.39562318840580013,0.13416394004772178,0.0018879469777853485,6.0
293,2602,0,1,30001-50000,Boucherville,Montérégie,,J4B,115,7859,100,1706.6460448391879,0.4362028985507263,0.13416394004772178,0.002180743192176284,5.0
294,2603,0,0,20001-30000,Longueuil,Montérégie,Le Vieux-Longueuil,J4K,115,7860,230,12149.988553213949,0.5007991718426494,0.13416394004772178,0.003996662835331157,5.0
295,2604,66-80,0,20001-30000,Longueuil,Montérégie,Greenfield Park,J4V,115,7861,126,408.32447994881755,0.41378467908902916,0.13416394004772178,0.0031645092574955416,6.0
296,2610,66-80,0,30001-50000,Longueuil,Montérégie,Le Vieux-Longueuil,J4L,115,7851,136,2811.9705200968374,0.44939130434782726,0.13416394004772178,0.002848121392233248,5.0
297,2611,66-80,0,20001-30000,Brossard,Montérégie,,J4Z,115,7852,3,0.0,0.375726708074536,0.13416394004772178,0.0009504619977806665,1.0
298,2630,66-80,1,10001-20000,Saint-Bruno-de-Montarville,Montérégie,,J3V,115,7836,2,0.00027056277056277056,0.3551759834368533,0.13416394004772178,0.0008699905680476041,1.0
299,2631,66-80,1,10001-20000,Longueuil,Montérégie,Le Vieux-Longueuil,J4H,115,7819,7,0.8882827020955483,0.3767412008281592,0.13416394004772178,0.0009153666594535167,6.0
300,2632,0,1,30001-50000,Saint-Bruno-de-Montarville,Montérégie,,J3V,115,7820,218,2095.3611954941002,0.4563933747412019,0.13416394004772178,0.004007173485729841,5.0
301,2633,55-65,0,10001-20000,Longueuil,Montérégie,Le Vieux-Longueuil,J4M,115,7821,185,2501.6828926225085,0.4287701863354053,0.13416394004772178,0.005103868431198282,5.0
302,2634,66-80,0,10001-20000,Longueuil,Montérégie,Le Vieux-Longueuil,J4K,115,7822,2,0.0,0.32223395445134423,0.13416394004772178,0.0008592345250728787,0.0
303,2635,66-80,0,30001-50000,Longueuil,Montérégie,Saint-Hubert,J3Y,115,7823,55,7.207006578998662,0.3886252587991745,0.13416394004772178,0.001866327586049222,7.0
304,2637,66-80,1,20001-30000,Longueuil,Montérégie,Le Vieux-Longueuil,J4J,115,7825,284,12628.191065385383,0.47904347826086957,0.13416394004772178,0.006100105713387349,5.0
305,2638,31-54,0,10001-20000,Longueuil,Montérégie,Greenfield Park,J4V,115,7826,26,216.67849241878648,0.40179710144927794,0.13416394004772178,0.0012138625328541126,6.0
306,2640,66-80,0,50001-,Longueuil,Montérégie,Le Vieux-Longueuil,J4J,115,7828,1,0.0,0.3143933747411992,0.13416394004772178,0.0008699050025827416,0.0
307,2695,66-80,0,10001-20000,Longueuil,Montérégie,Le Vieux-Longueuil,J4J,115,7767,7,0.0,0.35965631469979387,0.13416394004772178,0.0010449302653052963,0.0
308,2699,31-54,0,50001-,Longueuil,Montérégie,Greenfield Park,J4V,115,7763,11,0.0,0.37703105590062297,0.13416394004772178,0.0008769072569108501,6.0
309,2700,55-65,1,0,Longueuil,Montérégie,Le Vieux-Longueuil,J4J,115,7764,6,59.037700738822984,0.3441325051759829,0.13416394004772178,0.004300953700603065,7.0
310,2701,55-65,0,0,Beloeil,Montérégie,,J3N,115,7765,1,0.0,0.30601656314699555,0.13416394004772178,0.0008447825364358316,7.0
311,2702,66-80,0,50001-,Longueuil,Montérégie,Le Vieux-Longueuil,J4N,115,7766,10,7.821361078480451,0.37282815734989805,0.13416394004772178,0.000910290937648484,6.0
312,2708,31-54,0,0-10000,Acton Vale,Montérégie,,J0H,115,7761,30,1.8581985162450048,0.37007453416149205,0.13416394004772178,0.0008948574331855486,7.0
313,2709,0,0,30001-50000,Contrecoeur,Montérégie,,J0C,115,7762,1,0.0,0.32223395445134423,0.13416394004772178,0.0008520085307543551,0.0
314,2744,55-65,0,30001-50000,Longueuil,Montérégie,Saint-Hubert,J4T,115,7705,46,1.8969520547706349,0.3806542443064203,0.13416394004772178,0.0013913690848954986,7.0
315,2781,31-54,0,0-10000,Montréal,Montréal,Rosemont--La Petite-Patrie,H1Y,114,7668,2,0.0,0.22520565907522694,0.13416394004772178,0.0008504365927820557,0.0
316,2783,31-54,0,30001-50000,Montréal,Montréal,Le Plateau-Mont-Royal,H2J,114,7670,1,0.0,0.22520565907522694,0.13416394004772178,0.0008476095646089436,0.0
317,2784,66-80,0,10001-20000,Montréal,Montréal,Rosemont--La Petite-Patrie,H1X,114,7671,8,0.0,0.22520565907522694,0.13416394004772178,0.0008673987618207278,0.0
318,2805,81-95,0,20001-30000,Ragueneau,Côte-Nord,,G0H,117,7657,1,0.0,0.006956521739130435,0.13416394004772178,0.0009345406809321387,0.0
319,2847,31-54,1,10001-20000,Montréal,Montréal,Villeray--Saint-Michel--Parc-Extension,H2R,114,7607,2,0.0,0.30768115942028745,0.13416394004772178,0.0009070279961372372,0.0
320,2864,66-80,0,20001-30000,Brossard,Montérégie,,J4W,115,7601,17,361.3425008794924,0.3781904761904781,0.13416394004772178,0.0010326629527714782,6.0
321,2865,55-65,0,50001-,Saint-Lambert,Montérégie,,J4P,115,7602,54,284.39485123583074,0.4095942028985547,0.13416394004772178,0.0021361298192428676,6.0
322,2923,66-80,1,30001-50000,Longueuil,Montérégie,Saint-Hubert,J3Y,115,7528,10,2.661215741228046,0.3599710144927542,0.13416394004772178,0.0015468233173180602,7.0
323,2924,31-54,0,30001-50000,Saint-Lambert,Montérégie,,J4R,115,7529,1,0.0,0.29536645962732716,0.13416394004772178,0.0008712739445023593,0.0
324,2925,31-54,0,0-10000,Longueuil,Montérégie,Le Vieux-Longueuil,J4J,115,7530,1,0.0,0.32223395445134423,0.13416394004772178,0.0008520085307543551,0.0
325,2926,31-54,1,30001-50000,Longueuil,Montérégie,Le Vieux-Longueuil,J4L,115,7531,5,0.0,0.3771180124223622,0.13416394004772178,0.0008520085307543501,7.0
326,2927,66-80,0,0-10000,Brossard,Montérégie,,J4W,115,7532,12,11.200953212274944,0.38920496894410206,0.13416394004772178,0.0010974963167450758,6.0
327,2980,66-80,0,30001-50000,Longueuil,Montérégie,Le Vieux-Longueuil,J4N,115,7486,2,0.0,0.3143933747411992,0.13416394004772178,0.0008950274687296515,0.0
328,2981,31-54,0,30001-50000,Longueuil,Montérégie,Le Vieux-Longueuil,J4G,115,7487,18,41.813250050498276,0.36927536231884167,0.13416394004772178,0.0012634411042833906,8.0
329,3054,66-80,0,10001-20000,Longueuil,Montérégie,Le Vieux-Longueuil,J4H,115,7412,71,627.8023257550224,0.4235362318840598,0.13416394004772178,0.002375210491569259,6.0
330,3058,31-54,0,50001-,Longueuil,Montérégie,Le Vieux-Longueuil,J4J,115,7407,8,0.0,0.01217391304347826,0.13416394004772178,0.0008447825364358316,1.0
331,3090,66-80,1,10001-20000,Saint-Jérôme,Laurentides,,J7Y,114,7370,1,0.0,0.22520565907522694,0.13416394004772178,0.0008476095646089436,0.0
332,3117,66-80,1,0,Longueuil,Montérégie,Le Vieux-Longueuil,J4H,115,7349,73,8137.02281797587,0.44185507246377004,0.13416394004772178,0.0017453162961477112,4.0
333,3132,31-54,1,0-10000,Montréal,Montréal,Rosemont--La Petite-Patrie,H2S,114,7334,1,0.0,0.22520565907522694,0.13416394004772178,0.0008476095646089436,0.0
334,3156,31-54,1,30001-50000,Longueuil,Montérégie,Le Vieux-Longueuil,J4J,115,7331,7,273.8307886725443,0.39146583850931954,0.13416394004772178,0.0009719205220291414,6.0
335,3157,31-54,0,30001-50000,Saint-Charles-sur-Richelieu,Montérégie,,J0H,115,7332,1,0.0,0.3185838509316757,0.13416394004772178,0.0009102909376485804,0.0
336,3173,31-54,0,50001-,Montréal,Montréal,Rosemont--La Petite-Patrie,H1Y,114,7287,2,0.0,0.22520565907522694,0.13416394004772178,0.0008504365927820557,0.0
337,3174,66-80,0,10001-20000,Wotton,Estrie,,J0A,114,7288,1,0.0,0.22520565907522694,0.13416394004772178,0.0008476095646089436,0.0
338,3190,55-65,1,50001-,Longueuil,Montérégie,Le Vieux-Longueuil,J4L,115,7294,9,315.88008173081926,0.33650931677018553,0.13416394004772178,0.0009672032660579903,6.0
339,3191,66-80,1,0-10000,Montréal,Montréal,Rosemont--La Petite-Patrie,H1Y,114,7261,1,0.0,0.22520565907522694,0.13416394004772178,0.0008476095646089436,0.0
340,3230,55-65,0,0-10000,Longueuil,Montérégie,Saint-Hubert,J3Y,115,7239,27,932.2740210268812,0.36178467908902756,0.13416394004772178,0.0024818359755281456,6.0
341,3249,31-54,0,50001-,Val-David,Laurentides,,J0T,115,7208,1,0.0,0.3143933747411992,0.13416394004772178,0.0008699050025827416,0.0
342,3299,81-95,0,30001-50000,Montréal,Montréal,Rosemont--La Petite-Patrie,H1T,114,7158,4,0.0,0.22520565907522694,0.13416394004772178,0.0008560906491282798,0.0
343,3300,66-80,0,10001-20000,Montréal,Montréal,Anjou,H1M,114,7160,5,0.0,0.22520565907522694,0.13416394004772178,0.0008589176773013917,0.0
344,3301,55-65,0,30001-50000,Montréal,Montréal,Rosemont--La Petite-Patrie,H1W,114,7161,2,0.0,0.22520565907522694,0.13416394004772178,0.0008504365927820557,0.0
345,3327,66-80,0,10001-20000,Longueuil,Montérégie,Le Vieux-Longueuil,J4K,115,7159,33,45.61084115077858,0.35703105590062145,0.13416394004772178,0.0008976222671082083,6.0
346,3328,31-54,0,0-10000,Brossard,Montérégie,,J4W,115,7162,12,0.0,0.3426997929606623,0.13416394004772178,0.0011618209204700915,6.0
347,3367,55-65,0,0-10000,Longueuil,Montérégie,Saint-Hubert,J3Y,115,7113,11,2.2143784932861577,0.3744223602484488,0.13416394004772178,0.0010611583074550041,6.0
348,3392,66-80,0,10001-20000,Longueuil,Montérégie,Le Vieux-Longueuil,J4L,115,7070,6,3.671400533554963,0.3284968944099373,0.13416394004772178,0.0009405553671731411,7.0
349,3393,66-80,0,30001-50000,Lac-Brome,Montérégie,,J0E,115,7071,39,448.82538659566967,0.39732091097308775,0.13416394004772178,0.0029316234664311215,6.0
350,3394,31-54,0,0-10000,Longueuil,Montérégie,Le Vieux-Longueuil,J4L,115,7072,1,0.0,0.3143933747411992,0.13416394004772178,0.0008699050025827416,0.0
351,3395,31-54,0,0-10000,Longueuil,Montérégie,Le Vieux-Longueuil,J4L,115,7073,2,0.0,0.35388405797101463,0.13416394004772178,0.0008699050025826176,7.0
352,3402,31-54,1,50001-,Longueuil,Montérégie,Saint-Hubert,J3Y,115,7080,26,246.6004963319836,0.37547826086956676,0.13416394004772178,0.0011465000201932765,6.0
353,3419,31-54,0,30001-50000,Baie-Comeau,Côte-Nord,,G5C,117,7054,1,0.0,0.006956521739130435,0.13416394004772178,0.0009345406809321387,0.0
354,3441,55-65,0,0-10000,Granby,Montérégie,,J2G,120,7018,1,0.0,0.2602795031055887,0.13416394004772178,0.0009766300726357642,0.0
355,3449,0,0,20001-30000,Montréal,Montréal,Verdun,H3E,114,7026,1,0.0,0.22520565907522694,0.13416394004772178,0.0008476095646089436,0.0
356,3465,66-80,0,20001-30000,Longueuil,Montérégie,Le Vieux-Longueuil,J4L,115,7012,10,0.0,0.38819047619047853,0.13416394004772178,0.0008520085307543501,6.0
357,3467,31-54,1,0-10000,Brossard,Montérégie,,J4Y,115,7015,1,0.0,0.1800193236714967,0.13416394004772178,0.0008447825364358316,1.0
358,3477,55-65,0,10001-20000,Montréal,Montréal,Montréal-Nord,H1H,104,7003,2,0.0,0.3283933747412,0.13416394004772178,0.0009486522794978119,0.0
359,3504,31-54,0,50001-,Longueuil,Montérégie,Le Vieux-Longueuil,J4M,115,6992,102,2.5116558278737195,0.3855817805383047,0.13416394004772178,0.002554954017145742,7.0
360,3519,66-80,1,30001-50000,Longueuil,Montérégie,Le Vieux-Longueuil,J4M,115,6968,126,3791.0008057383966,0.4256231884057992,0.13416394004772178,0.002446925634969962,5.0
361,3609,31-54,1,50001-,Longueuil,Montérégie,Le Vieux-Longueuil,J4K,115,6862,55,441.7160629801148,0.4180455486542467,0.13416394004772178,0.0016023994002432411,6.0
362,3610,66-80,0,30001-50000,Longueuil,Montérégie,Le Vieux-Longueuil,J4L,115,6863,20,293.78949706330263,0.35601656314699814,0.13416394004772178,0.0012817869545839675,6.0
363,3611,66-80,1,30001-50000,Longueuil,Montérégie,Le Vieux-Longueuil,J4H,115,6864,18,256.11155118919777,0.39297308488613086,0.13416394004772178,0.0012591539979167922,6.0
364,3621,55-65,0,0-10000,Montréal,Montréal,Villeray--Saint-Michel--Parc-Extension,H2A,114,6833,1,0.0,0.28942443064182,0.13416394004772178,0.000876780794739285,0.0
365,3631,81-95,0,20001-30000,Montréal,Montréal,Rosemont--La Petite-Patrie,H1Y,114,6843,1,0.0,0.22520565907522694,0.13416394004772178,0.0008476095646089436,0.0
366,3731,66-80,0,30001-50000,Longueuil,Montérégie,Le Vieux-Longueuil,J4J,115,6746,478,33371.11552423585,0.5616521739130406,0.13416394004772178,0.01721953576030544,5.0
367,3746,31-54,0,30001-50000,Chambly,Montérégie,,J3L,115,6732,9,0.0,0.3611469979296073,0.13416394004772178,0.0008447825364358316,6.0
368,3762,55-65,1,50001-,Montréal,Montréal,Montréal-Nord,H1H,104,6706,2,0.0,0.2610020703933731,0.13416394004772178,0.0009702471990663337,0.0
369,3769,66-80,1,30001-50000,Longueuil,Montérégie,Le Vieux-Longueuil,J4J,115,6718,17,284.95558145671663,0.3257432712215314,0.13416394004772178,0.0009476247660756797,6.0
370,3780,66-80,0,20001-30000,Longueuil,Montérégie,Le Vieux-Longueuil,J4N,115,6716,23,0.0,0.3490600414078672,0.13416394004772178,0.0013356797923994813,6.0
371,3781,66-80,0,10001-20000,Longueuil,Montérégie,Le Vieux-Longueuil,J4N,115,6717,8,0.0,0.3657556935817816,0.13416394004772178,0.0008447825364358316,6.0
372,3821,31-54,0,0-10000,Longueuil,Montérégie,Le Vieux-Longueuil,J4H,115,6636,1,0.0,0.28585921325051605,0.13416394004772178,0.0008447825364358316,6.0
373,3844,66-80,0,30001-50000,Longueuil,Montérégie,Le Vieux-Longueuil,J4L,115,6633,16,26.23971779296152,0.3499296066252586,0.13416394004772178,0.0012338964333626328,6.0
374,3845,66-80,0,30001-50000,Longueuil,Montérégie,Le Vieux-Longueuil,J4J,115,6634,10,17.398991595255623,0.3074824016563127,0.13416394004772178,0.001138317851231502,6.0
375,3852,31-54,0,20001-30000,Montréal,Montréal,Villeray--Saint-Michel--Parc-Extension,H2P,114,6615,1,0.0,0.22520565907522694,0.13416394004772178,0.0008476095646089436,0.0
376,3858,66-80,0,10001-20000,Montréal,Montréal,Ahuntsic-Cartierville,H1H,104,6608,2,0.0,0.3283933747412,0.13416394004772178,0.0009486522794978119,0.0
377,3878,55-65,0,10001-20000,Montréal,Montréal,Rosemont--La Petite-Patrie,H1X,114,6586,1,0.0,0.22520565907522694,0.13416394004772178,0.0008476095646089436,0.0
378,3885,0,0,20001-30000,Longueuil,Montérégie,Le Vieux-Longueuil,J4H,115,6583,3,0.0,0.2895113871635593,0.13416394004772178,0.0009507745633338488,0.0
379,3886,66-80,0,10001-20000,Saint-Bruno-de-Montarville,Montérégie,,J3V,115,6584,123,1950.1197717176656,0.4160579710144966,0.13416394004772178,0.0026592441745289393,5.0
380,3891,31-54,0,10001-20000,Montréal,Montréal,Rosemont--La Petite-Patrie,H2G,114,6548,1,0.0,0.22520565907522694,0.13416394004772178,0.0008476095646089436,0.0
381,3896,55-65,0,0-10000,Montréal,Montréal,Le Plateau-Mont-Royal,H1W,114,6553,1,0.0,0.22520565907522694,0.13416394004772178,0.0008476095646089436,0.0
382,3901,31-54,1,50001-,Sainte-Thérèse,Laurentides,,J7E,114,6558,1,0.0,0.2996687370600394,0.13416394004772178,0.0009610253668128996,0.0
383,3912,66-80,1,10001-20000,Montréal,Montréal,Rosemont--La Petite-Patrie,H1X,114,6569,1,0.0,0.22520565907522694,0.13416394004772178,0.0008476095646089436,0.0
384,3921,55-65,0,0-10000,Montréal,Montréal,Montréal-Nord,H1G,113,6572,1,0.0,0.3283933747412,0.13416394004772178,0.0008967174079668218,0.0
385,3928,66-80,0,0-10000,Longueuil,Montérégie,Le Vieux-Longueuil,J4H,115,6582,4,0.0,0.38021946169772464,0.13416394004772178,0.0010088356536670496,0.0
386,3958,55-65,0,20001-30000,Saint-Bruno-de-Montarville,Montérégie,,J3V,115,6534,32,115.71180373496898,0.38732091097308735,0.13416394004772178,0.0014103727328031717,6.0
387,3972,31-54,1,30001-50000,Boucherville,Montérégie,,J4B,115,6495,22,31.18329556927867,0.3851469979296089,0.13416394004772178,0.0011924644384606062,5.0
388,3989,66-80,0,10001-20000,Montréal,Montréal,Le Plateau-Mont-Royal,H2V,114,6476,1,0.0,0.2798881987577622,0.13416394004772178,0.0008757728922323377,0.0
389,4009,31-54,0,0-10000,Montréal,Montréal,Montréal-Nord,H1H,104,6459,1,0.0,0.3283933747412,0.13416394004772178,0.0008967174079668218,0.0
390,4017,55-65,1,30001-50000,Longueuil,Montérégie,Le Vieux-Longueuil,J4J,115,6465,31,35.67685379417922,0.3553498964803315,0.13416394004772178,0.0011345831674107556,6.0
391,4022,18-30,1,0-10000,Longueuil,Montérégie,Le Vieux-Longueuil,J4J,115,6443,27,50.102678211044555,0.3898716356107687,0.13416394004772178,0.0012466674209080228,6.0
392,4062,31-54,0,0-10000,Saint-Hyacinthe,Montérégie,,J2T,115,6672,54,1188.816503512668,0.4118550724637703,0.13416394004772178,0.0022510313914505687,6.0
393,4076,0,1,10001-20000,Baie-Comeau,Côte-Nord,,G4Z,117,6402,2,0.0,0.006956521739130435,0.13416394004772178,0.0010242988254284457,0.0
394,4091,31-54,1,30001-50000,Montréal,Montréal,Rosemont--La Petite-Patrie,H1X,114,6367,1,0.0,0.22520565907522694,0.13416394004772178,0.0008476095646089436,0.0
395,4122,55-65,1,10001-20000,Brossard,Montérégie,,J4W,115,6349,7,3.6587158953593124,0.3521325051759834,0.13416394004772178,0.000873069349638789,6.0
396,4132,55-65,0,30001-50000,Longueuil,Montérégie,Le Vieux-Longueuil,J4J,115,6338,164,3547.5037973006174,0.42498550724637907,0.13416394004772178,0.004322812077409333,5.0
397,4146,66-80,0,20001-30000,Pointe-aux-Outardes,Côte-Nord,,G0H,117,6322,1,0.0,0.006956521739130435,0.13416394004772178,0.0009345406809321387,0.0
398,4167,31-54,0,0,Longueuil,Montérégie,Le Vieux-Longueuil,J4J,115,6301,42,874.5467741107562,0.39839337474120473,0.13416394004772178,0.003016330676287852,6.0
399,4169,66-80,0,10001-20000,Montréal,Montréal,Rosemont--La Petite-Patrie,H1X,114,6283,1,0.0,0.22520565907522694,0.13416394004772178,0.0008476095646089436,0.0
400,4171,66-80,0,10001-20000,Montréal,Montréal,Rosemont--La Petite-Patrie,H1X,114,6285,1,0.0,0.22520565907522694,0.13416394004772178,0.0008476095646089436,0.0
401,4172,81-95,0,10001-20000,Montréal,Montréal,Rosemont--La Petite-Patrie,H2G,114,6286,1,0.0,0.27988612836438903,0.13416394004772178,0.0008726963977445325,0.0
402,4239,0,0,30001-50000,Longueuil,Montérégie,Greenfield Park,J4V,115,6223,37,520.821422337095,0.3738840579710159,0.13416394004772178,0.0010649153205827375,6.0
403,4244,55-65,1,50001-,Baie-Comeau,Côte-Nord,,G4Z,117,6218,1,0.0,0.006956521739130435,0.13416394004772178,0.0009345406809321387,0.0
404,4260,66-80,1,10001-20000,Longueuil,Montérégie,Le Vieux-Longueuil,J4N,115,6215,38,548.1162337278738,0.4157267080745362,0.13416394004772178,0.00086851688137108,5.0
405,4271,31-54,1,30001-50000,Montréal,Montréal,Rosemont--La Petite-Patrie,H1X,114,6184,8,0.0,0.2263650793650819,0.13416394004772178,0.0015826368896180727,0.0
406,4318,55-65,0,50001-,Montréal-Est,Montréal,,H1L,117,6153,1,0.0,0.006956521739130435,0.13416394004772178,0.0009345406809321387,0.0
407,4325,0,\N,,Baie-Comeau,Côte-Nord,,G4Z,117,6146,1,0.0,0.006956521739130435,0.13416394004772178,0.0009345406809321387,0.0
408,4334,31-54,1,10001-20000,Montréal,Montréal,Le Plateau-Mont-Royal,H1H,114,6136,2,0.0,0.2905113871635592,0.13416394004772178,0.0009742055203862699,0.0
409,4427,31-54,0,20001-30000,Montréal,Montréal,Rosemont--La Petite-Patrie,H1X,114,6038,3,0.0,0.22520565907522694,0.13416394004772178,0.0008532636209551678,0.0
410,4433,31-54,1,10001-20000,Montréal,Montréal,Rosemont--La Petite-Patrie,H2G,114,6044,1,0.0,0.2996687370600394,0.13416394004772178,0.0009610253668128996,0.0
411,4490,31-54,0,10001-20000,Montréal,Montréal,Rosemont--La Petite-Patrie,H1Y,114,5953,4,0.0,0.22520565907522694,0.13416394004772178,0.0008560906491282798,0.0
412,4510,66-80,0,0-10000,Saint-Lambert,Montérégie,,J4H,115,5952,5,16.43933371371149,0.3542774327122154,0.13416394004772178,0.0009208335850654935,7.0
413,4528,55-65,0,10001-20000,Saint-Jean-Baptiste,Montérégie,,J0L,115,5947,118,4444.128995840189,0.4488695652173945,0.13416394004772178,0.006290788467464865,6.0
414,4534,31-54,1,0-10000,Longueuil,Montérégie,Le Vieux-Longueuil,J4L,115,5934,3,0.0,0.28585921325051605,0.13416394004772178,0.0009787040166814496,0.0
415,4535,55-65,1,30001-50000,Longueuil,Montérégie,Le Vieux-Longueuil,J4K,115,5935,27,261.2522238770364,0.39436438923395745,0.13416394004772178,0.0009959268265948473,6.0
416,4539,66-80,0,20001-30000,Longueuil,Montérégie,Le Vieux-Longueuil,J4N,115,5936,7,3.2982306313596217,0.3197556935817791,0.13416394004772178,0.0009258446323108098,6.0
417,4540,66-80,1,30001-50000,Saint-Casimir,Capitale-Nationale,,G0A,111,5937,1,0.0,0.29887370600413854,0.13416394004772178,0.0008547842114615185,0.0
418,4558,66-80,0,10001-20000,Montréal,Montréal,Rosemont--La Petite-Patrie,H1X,114,5916,1,0.0,0.22520565907522694,0.13416394004772178,0.0008476095646089436,0.0
419,4560,66-80,0,10001-20000,Montréal,Montréal,Rosemont--La Petite-Patrie,H1X,114,5918,1,0.0,0.22520565907522694,0.13416394004772178,0.0008476095646089436,0.0
420,4578,66-80,1,20001-30000,Candiac,Montérégie,,J5R,115,5908,116,1205.4768927118928,0.40866666666666895,0.13416394004772178,0.00239533447252418,5.0
421,4579,31-54,0,0-10000,Longueuil,Montérégie,Le Vieux-Longueuil,J4K,115,5909,1,0.0,0.34326293995859153,0.13416394004772178,0.004300953700609619,0.0
422,4581,31-54,0,10001-20000,Québec,Capitale-Nationale,La Cité-Limoilou,G1S,2,5885,1,0.0,0.3283933747412,0.13416394004772178,0.0008967174079668218,0.0
423,4611,55-65,0,10001-20000,Terrebonne,Lanaudière,,J6W,104,5863,1,0.0,0.29565631469979076,0.13416394004772178,0.0008668322509669251,0.0
424,4612,55-65,1,0,Montréal,Montréal,Rosemont--La Petite-Patrie,H1Y,114,5864,1,0.0,0.29536645962732716,0.13416394004772178,0.0008712739445023593,0.0
425,4629,66-80,0,0-10000,Montréal,Montréal,Rosemont--La Petite-Patrie,H1X,114,5838,1,0.0,0.22520565907522694,0.13416394004772178,0.0008476095646089436,0.0
426,4638,31-54,1,0-10000,Longueuil,Montérégie,Le Vieux-Longueuil,J4K,115,5830,40,304.5731296457502,0.38219047619047836,0.13416394004772178,0.0018684184547826034,6.0
427,4640,66-80,0,10001-20000,Longueuil,Montérégie,Le Vieux-Longueuil,J4K,115,5832,26,224.7416822664769,0.38142028985507465,0.13416394004772178,0.0010864640770340444,6.0
428,4657,55-65,0,10001-20000,Montréal,Montréal,Rosemont--La Petite-Patrie,H1S,114,5802,2,0.0,0.22520565907522694,0.13416394004772178,0.0008504365927820557,0.0
429,4659,31-54,0,20001-30000,Montréal,Montréal,Villeray--Saint-Michel--Parc-Extension,H2P,114,5804,1,0.0,0.22520565907522694,0.13416394004772178,0.0008476095646089436,0.0
430,4660,66-80,1,30001-50000,Montréal,Montréal,Rosemont--La Petite-Patrie,H1Y,114,5805,3,0.0,0.3132194616977214,0.13416394004772178,0.00119129768798182,0.0
431,4667,66-80,1,10001-20000,Longueuil,Montérégie,Greenfield Park,J4V,115,5813,1,0.0,0.30601656314699555,0.13416394004772178,0.0008447825364358316,7.0
432,4668,66-80,0,10001-20000,Longueuil,Montérégie,Greenfield Park,J4P,115,5814,9,15.041928742233692,0.3484803312629395,0.13416394004772178,0.000958096161607321,6.0
433,4669,66-80,0,20001-30000,Longueuil,Montérégie,Le Vieux-Longueuil,J4K,115,5815,4,0.0,0.2931614906832279,0.13416394004772178,0.0008447825364358316,7.0
434,4672,31-54,1,10001-20000,Brossard,Montérégie,,J4Z,115,5797,96,839.7843730831688,0.44489855072463896,0.13416394004772178,0.0010237008555703002,5.0
435,4707,55-65,0,30001-50000,Montréal,Montréal,Mercier--Hochelaga-Maisonneuve,H1N,88,5758,1,0.0,0.24153623188405757,0.13416394004772178,0.000895125102133602,0.0
436,4712,31-54,0,10001-20000,Longueuil,Montérégie,Le Vieux-Longueuil,J4H,115,5762,25,468.15796932004014,0.37949482401656515,0.13416394004772178,0.0018077932866885531,6.0
437,4721,66-80,1,10001-20000,Longueuil,Montérégie,Le Vieux-Longueuil,J4H,115,5745,5,0.0,0.31359834368529865,0.13416394004772178,0.0016755777994096031,0.0
438,4722,0,0,10001-20000,Longueuil,Montérégie,Le Vieux-Longueuil,J4K,115,5746,7,24.902486969510765,0.3955817805383049,0.13416394004772178,0.0009405553671733538,6.0
439,4724,0,1,10001-20000,Westmount,Montréal,,H3W,88,5748,4,0.0,0.3585383022774332,0.13416394004772178,0.0012264117296181274,0.0
440,4725,31-54,0,0-10000,Longueuil,Montérégie,Le Vieux-Longueuil,J4L,115,5749,2,0.0,0.27087370600413957,0.13416394004772178,0.0013130424905927424,7.0
441,4753,55-65,0,20001-30000,Victoriaville,Centre-du-Québec,,G6P,114,5703,1,0.0,0.3209151138716343,0.13416394004772178,0.00088887525138714,0.0
442,4768,55-65,0,10001-20000,Montréal,Montréal,Rosemont--La Petite-Patrie,H2S,114,5700,1,0.0,0.22520565907522694,0.13416394004772178,0.0008476095646089436,0.0
443,4773,18-30,0,20001-30000,Longueuil,Montérégie,Le Vieux-Longueuil,J4J,115,5698,10,804.1246803009321,0.38202898550724856,0.13416394004772178,0.002203576254858169,6.0
444,4781,55-65,0,50001-,Saint-Mathias-sur-Richelieu,Montérégie,,J3L,115,5693,18,380.2425027886726,0.3832049689441016,0.13416394004772178,0.0016278048680461105,6.0
445,4782,55-65,0,50001-,Longueuil,Montérégie,Le Vieux-Longueuil,J4M,115,5694,17,296.65277554878696,0.40552380952381195,0.13416394004772178,0.0008647349512781387,5.0
446,4796,,1,0-10000,Montréal,Montréal,Mercier--Hochelaga-Maisonneuve,H1V,88,5674,1,0.0,0.27988612836438903,0.13416394004772178,0.0008726963977445325,0.0
447,4813,81-95,0,20001-30000,Longueuil,Montérégie,Saint-Hubert,J3Y,115,5662,300,21639.98459767522,0.49634782608695593,0.13416394004772178,0.0101153875476531,5.0
448,4820,55-65,1,50001-,Cowansville,Montérégie,,J2K,115,5663,1,0.0,0.28585921325051605,0.13416394004772178,0.0008894230298510376,0.0
449,4826,66-80,0,10001-20000,Montréal,Montréal,Ahuntsic-Cartierville,H2M,114,5640,3,0.0,0.22520565907522694,0.13416394004772178,0.0008532636209551678,0.0
450,4833,66-80,1,30001-50000,Longueuil,Montérégie,Le Vieux-Longueuil,J4H,115,5647,11,0.0,0.38213250517598557,0.13416394004772178,0.0008447825364358316,6.0
451,4835,66-80,1,20001-30000,Chambly,Montérégie,,J3L,115,5654,1,0.0,0.2996687370600394,0.13416394004772178,0.0008447825364358316,7.0
452,4855,66-80,1,10001-20000,Longueuil,Montérégie,Le Vieux-Longueuil,J4K,115,5616,158,4102.279919893278,0.4447536231884072,0.13416394004772178,0.005938641871933069,5.0
453,4856,66-80,0,10001-20000,Longueuil,Montérégie,Greenfield Park,J4V,115,5617,396,5896.864899987822,0.4662898550724645,0.13416394004772178,0.006873178405386488,5.0
454,4857,66-80,0,0-10000,Longueuil,Montérégie,Greenfield Park,J4V,115,5618,209,6458.237532264925,0.4633623188405824,0.13416394004772178,0.013387809717599392,6.0
455,4858,31-54,0,30001-50000,Laval,Laval,,H7M,88,5619,3,0.0,0.2867432712215305,0.13416394004772178,0.001201298775572419,0.0
456,4860,18-30,0,10001-20000,Otterburn Park,Montérégie,,J3H,115,5620,104,444.1136084112462,0.39315942028985795,0.13416394004772178,0.0022101796143872703,6.0
457,4861,66-80,0,10001-20000,Longueuil,Montérégie,Le Vieux-Longueuil,J4H,115,5603,145,4015.092991884439,0.47513043478260847,0.13416394004772178,0.005086635702324532,5.0
458,4862,66-80,1,10001-20000,Longueuil,Montérégie,Le Vieux-Longueuil,J4H,115,5604,118,2159.5087314064253,0.4189565217391331,0.13416394004772178,0.00399138529359489,5.0
459,4864,55-65,1,50001-,Longueuil,Montérégie,Le Vieux-Longueuil,J4J,115,5606,11,0.0,0.34413250517598293,0.13416394004772178,0.0008447825364358316,6.0
460,4865,55-65,0,0-10000,Longueuil,Montérégie,Le Vieux-Longueuil,J4H,115,5607,13,204.64079132300722,0.3765962732919272,0.13416394004772178,0.0011925553134654497,6.0
461,4881,31-54,0,0-10000,Longueuil,Montérégie,Saint-Hubert,J3Y,115,5591,94,1876.3761951530234,0.4372753623188439,0.13416394004772178,0.0022538945911702492,6.0
462,4883,81-95,1,0,Brossard,Montérégie,,J4W,115,5593,332,12640.843649405588,0.5025383022774319,0.13416394004772178,0.0025248474265899927,5.0
463,4884,0,1,0,Longueuil,Montérégie,Le Vieux-Longueuil,J4J,115,5594,1,0.0,0.2351304347826089,0.13416394004772178,0.0008447825364358316,1.0
464,4885,66-80,0,10001-20000,Longueuil,Montérégie,Le Vieux-Longueuil,J4H,115,5595,370,20524.180942527222,0.495913043478259,0.13416394004772178,0.013795298608331799,5.0
465,4886,55-65,1,0-10000,Longueuil,Montérégie,Le Vieux-Longueuil,J4J,115,5596,21,0.04440945543191124,0.3703643892339558,0.13416394004772178,0.0013314444121970204,7.0
466,4887,31-54,0,50001-,Longueuil,Montérégie,Le Vieux-Longueuil,J4J,115,5600,7,2.0307053048804886,0.385146997929609,0.13416394004772178,0.0008769072569108501,6.0
467,4890,31-54,1,50001-,Brossard,Montérégie,,J4Z,115,5585,224,12188.136724882585,0.4854202898550718,0.13416394004772178,0.00469937896159845,5.0
468,4891,66-80,1,0,Winneway,Abitibi-Témiscamingue,,H1T,113,5577,3,0.0,0.2973374741200808,0.13416394004772178,0.0010879163142640974,0.0
469,4929,55-65,0,50001-,Saint-Bruno-de-Montarville,Montérégie,,J3V,115,5549,1,0.0,0.2578592132505158,0.13416394004772178,0.0008447825364358316,7.0
470,4953,31-54,0,10001-20000,Rimouski,Bas-Saint-Laurent,,G5L,108,5521,4,0.0,0.30212008281573277,0.13416394004772178,0.0011631687349285247,0.0
471,4981,31-54,0,0-10000,Montréal,Montréal,Rosemont--La Petite-Patrie,H2G,114,5495,1,0.0,0.22520565907522694,0.13416394004772178,0.0008476095646089436,0.0
472,4987,31-54,0,50001-,Longueuil,Montérégie,Le Vieux-Longueuil,J4J,115,5479,16,31.97264210351065,0.357610766045549,0.13416394004772178,0.0010537976379115645,6.0
473,4988,31-54,0,50001-,Brossard,Montérégie,,J4Z,115,5480,4,3.665773923884907,0.3289606625258793,0.13416394004772178,0.0008996427558018118,6.0
474,5003,31-54,1,50001-,Longueuil,Montérégie,Le Vieux-Longueuil,J4J,115,5481,10,0.0,0.36508902691511486,0.13416394004772178,0.0008447825364358316,7.0
475,5014,31-54,0,0-10000,Longueuil,Montérégie,Le Vieux-Longueuil,J4K,115,5465,5,0.030426722085912038,0.3497846790890267,0.13416394004772178,0.0009353620741376359,7.0
476,5052,66-80,0,20001-30000,Montréal,Montréal,Rosemont--La Petite-Patrie,H1Y,114,5423,2,0.0,0.31532091097308357,0.13416394004772178,0.0009889392281216005,0.0
477,5058,66-80,1,30001-50000,Longueuil,Montérégie,Le Vieux-Longueuil,J4H,115,5402,1,0.0,0.34326293995859153,0.13416394004772178,0.0008447825364358316,7.0
478,5079,31-54,0,50001-,Longueuil,Montérégie,Le Vieux-Longueuil,J4J,115,5401,33,983.8975494217726,0.41320496894410147,0.13416394004772178,0.001096019875031112,5.0
479,5150,31-54,0,10001-20000,Québec,Capitale-Nationale,La Cité-Limoilou,G1H,2,5328,3,0.0,0.2323354037267084,0.13416394004772178,0.001212695439808002,0.0
480,5173,31-54,0,30001-50000,Verchères,Montérégie,,J0L,115,5305,16,1166.09515417003,0.3586956521739132,0.13416394004772178,0.002242597542739405,6.0
481,5178,31-54,0,10001-20000,Montréal,Montréal,Rosemont--La Petite-Patrie,H2S,114,5282,1,0.0,0.22520565907522694,0.13416394004772178,0.0008476095646089436,0.0
482,5192,0,\N,,Longueuil,Montérégie,Le Vieux-Longueuil,J4L,115,5296,1468,20233.45373082656,0.5585217391304329,0.13416394004772178,0.06912342328347575,6.0
483,5205,31-54,1,50001-,Laval,Laval,,H1X,114,5245,2,0.0,0.2578592132505158,0.13416394004772178,0.0012260241187015304,0.0
484,5212,31-54,0,50001-,Laval,Laval,,H7V,114,5260,2,0.0,0.2578592132505158,0.13416394004772178,0.0012260241187015304,0.0
485,5218,0,0,0,Montréal,Montréal,Mercier--Hochelaga-Maisonneuve,H1M,114,5267,1,0.0,0.22520565907522694,0.13416394004772178,0.0008476095646089436,0.0
486,5221,66-80,0,20001-30000,Montréal,Montréal,Rosemont--La Petite-Patrie,H1T,114,5270,15,0.0,0.22520565907522694,0.13416394004772178,0.000887187959032512,0.0
487,5253,55-65,1,30001-50000,Montréal,Montréal,Rosemont--La Petite-Patrie,H1Y,114,5206,1,0.0,0.29536645962732716,0.13416394004772178,0.0008712739445023593,0.0
488,5283,66-80,0,10001-20000,Montréal,Montréal,Rosemont--La Petite-Patrie,H1Y,114,5141,1,0.0,0.22520565907522694,0.13416394004772178,0.0008476095646089436,0.0
489,5287,55-65,1,50001-,Montréal,Montréal,Ahuntsic-Cartierville,H2B,104,5145,3,0.0,0.22520565907522694,0.13416394004772178,0.0008532636209551678,0.0
490,5298,0,1,0,Boucherville,Montérégie,,J4B,115,5183,254,0.0,0.3197412008281542,0.13416394004772178,0.0008447825364358316,2.0
491,5301,31-54,0,30001-50000,Montréal,Montréal,Rosemont--La Petite-Patrie,H1Y,114,5186,1,0.0,0.22520565907522694,0.13416394004772178,0.0008476095646089436,0.0
492,5315,0,0,50001-,Otterburn Park,Montérégie,,J3H,115,5159,7,789.0024096385542,0.3065507246376797,0.13416394004772178,0.0008656774196992243,8.0
493,5387,55-65,0,50001-,Montréal,Montréal,Verdun,H1A,104,5082,3,0.0,0.3387412008281578,0.13416394004772178,0.0009765661408065128,0.0
494,5397,0,\N,,Montréal,Montréal,Rosemont--La Petite-Patrie,H1X,114,5075,124,0.0,0.22520565907522694,0.13416394004772178,0.0011953340299017236,0.0
495,5450,55-65,0,50001-,Montréal,Montréal,Verdun,H1H,104,2149,2,0.0,0.3387412008281578,0.13416394004772178,0.0009246312692755225,0.0
496,5740,31-54,1,10001-20000,Bolton-Est,Estrie,,J0E,114,4732,1,0.0,0.22520565907522694,0.13416394004772178,0.0008476095646089436,0.0
497,5837,66-80,1,0,Montréal,Montréal,Saint-Léonard,H1R,88,4640,1,0.0,0.27787370600413924,0.13416394004772178,0.0009238924370225304,0.0
498,5849,66-80,1,0-10000,Montréal,Montréal,Saint-Léonard,H1R,88,4629,1,0.0,0.14153071083506,0.13416394004772178,0.00120381511442106,0.0
499,5923,0,1,0-10000,Montréal,Montréal,Ahuntsic-Cartierville,H2C,104,4558,1,0.0,0.3283933747412,0.13416394004772178,0.0008967174079668218,0.0
500,6141,66-80,0,0-10000,Longueuil,Montérégie,Le Vieux-Longueuil,J4H,115,4334,121,2077.380811544112,0.40243478260869814,0.13416394004772178,0.0030261170954235467,5.0
501,6149,55-65,0,0-10000,Montréal,Montréal,Rosemont--La Petite-Patrie,H1X,114,4327,2,0.0,0.22520565907522694,0.13416394004772178,0.0008504365927820557,0.0
502,6206,66-80,1,0-10000,Montréal,Montréal,Ahuntsic-Cartierville,H3M,104,4271,1,0.0,0.3283933747412,0.13416394004772178,0.0008967174079668218,0.0
503,6257,31-54,0,50001-,Montréal,Montréal,Le Plateau-Mont-Royal,H2J,115,4212,2,0.0,0.2477846790890257,0.13416394004772178,0.0008447825364358316,1.0
504,6258,31-54,1,30001-50000,Montréal,Montréal,Le Plateau-Mont-Royal,H2J,115,4213,2,0.0,0.16583712905451972,0.13416394004772178,0.0008447825364358316,1.0
505,6359,31-54,0,10001-20000,Montréal,Montréal,Ahuntsic-Cartierville,H4N,104,4123,1,0.0,0.3283933747412,0.13416394004772178,0.0008967174079668218,0.0
506,6400,31-54,1,10001-20000,Sherbrooke,Estrie,Jacques-Cartier,J1J,109,4079,1,0.0,0.27498964803312465,0.13416394004772178,0.0008824560049845883,0.0
507,6402,66-80,1,10001-20000,Montréal,Montréal,Mercier--Hochelaga-Maisonneuve,H1A,88,4066,2,0.0,0.22520565907522694,0.13416394004772178,0.0008504365927820557,0.0
508,6430,31-54,0,0,Longueuil,Montérégie,Le Vieux-Longueuil,J4M,115,4046,1,0.0,0.24694202898550652,0.13416394004772178,0.0009622286473143019,0.0
509,6443,66-80,0,50001-,Longueuil,Montérégie,Le Vieux-Longueuil,J4M,115,4029,2,0.0,0.3352629399585924,0.13416394004772178,0.0008967174079668218,1.0
510,6469,31-54,1,50001-,Montréal,Montréal,Ahuntsic-Cartierville,H3N,115,4000,38,1012.3586673116025,0.3990020703933791,0.13416394004772178,0.0012150739628493303,5.0
511,6472,81-95,0,50001-,Longueuil,Montérégie,Le Vieux-Longueuil,J4K,88,4003,1,0.0,0.28198964803312465,0.13416394004772178,0.0008907215807224827,0.0
512,6485,31-54,1,10001-20000,Montréal,Montréal,Rosemont--La Petite-Patrie,H1T,114,3983,1,0.0,0.2851035196687353,0.13416394004772178,0.0008870354703876581,0.0
513,6500,31-54,0,0,Montréal,Montréal,Ahuntsic-Cartierville,H1W,88,3976,1,0.0,0.22520565907522694,0.13416394004772178,0.0008476095646089436,0.0
514,6511,0,1,30001-50000,Montréal,Montréal,Le Sud-Ouest,H4C,88,3968,1,0.0,0.2851035196687353,0.13416394004772178,0.0008870354703876581,0.0
515,6539,66-80,1,10001-20000,Montréal,Montréal,Villeray--Saint-Michel--Parc-Extension,H2P,88,3930,1,0.0,0.2851035196687353,0.13416394004772178,0.0008870354703876581,0.0
516,6644,31-54,0,10001-20000,Montréal,Montréal,Mercier--Hochelaga-Maisonneuve,H1V,88,3830,1,0.0,0.28114906832297976,0.13416394004772178,0.0009534748785615329,0.0
517,6658,31-54,0,20001-30000,Montréal,Montréal,Rosemont--La Petite-Patrie,H2S,104,3814,2,0.0,0.34219047619047577,0.13416394004772178,0.00101296023834389,0.0
518,6671,0,0,10001-20000,Montréal,Montréal,Montréal-Nord,H1H,104,3794,1,0.0,0.3143933747411992,0.13416394004772178,0.0008699050025827416,0.0
519,6694,31-54,0,10001-20000,Montréal,Montréal,Le Plateau-Mont-Royal,H2X,114,3785,1,0.0,0.22520565907522694,0.13416394004772178,0.0008476095646089436,0.0
520,6800,66-80,0,0,Montréal,Montréal,Mercier--Hochelaga-Maisonneuve,H1V,88,3671,1,0.0,0.2851035196687353,0.13416394004772178,0.0008870354703876581,0.0
521,6807,31-54,0,10001-20000,Montréal,Montréal,Montréal-Nord,H1H,104,3668,1,0.0,0.3283933747412,0.13416394004772178,0.0008967174079668218,0.0
522,6841,66-80,1,0,Montréal,Montréal,Montréal-Nord,H1G,104,3635,2,0.0,0.3283933747412,0.13416394004772178,0.0009486522794978119,0.0
523,6858,66-80,0,0-10000,Montréal,Montréal,Ahuntsic-Cartierville,H2M,104,3608,2,0.0,0.3283933747412,0.13416394004772178,0.0009486522794978119,0.0
524,6937,55-65,1,0,Montréal,Montréal,Côte-des-Neiges--Notre-Dame-de-Grâce,H3W,88,3540,1,0.0,0.2851035196687353,0.13416394004772178,0.0008870354703876581,0.0
525,6942,31-54,0,20001-30000,Montréal,Montréal,Rosemont--La Petite-Patrie,H2E,114,3533,2,0.0,0.22520565907522694,0.13416394004772178,0.0008504365927820557,0.0
526,6947,66-80,0,10001-20000,Montréal,Montréal,Montréal-Nord,H1H,104,3528,2,0.0,0.3283933747412,0.13416394004772178,0.0009486522794978119,0.0
527,7053,55-65,0,0-10000,Longueuil,Montérégie,Le Vieux-Longueuil,J4R,104,3427,3,0.0,0.3387412008281578,0.13416394004772178,0.0009525451305842233,0.0
528,7174,66-80,0,20001-30000,Montréal,Montréal,Mercier--Hochelaga-Maisonneuve,H1W,114,3292,5,0.0,0.22520565907522694,0.13416394004772178,0.0008589176773013917,0.0
529,7180,66-80,1,20001-30000,Montréal,Montréal,Rosemont--La Petite-Patrie,H2S,104,3284,1,0.0,0.3283933747412,0.13416394004772178,0.0008967174079668218,0.0
530,7199,55-65,1,10001-20000,Montréal,Montréal,Rosemont--La Petite-Patrie,H1Y,114,3273,1,0.0,0.2851035196687353,0.13416394004772178,0.0008870354703876581,0.0
531,7210,81-95,1,10001-20000,Montréal,Montréal,Mercier--Hochelaga-Maisonneuve,H1N,114,3251,1,0.0,0.22520565907522694,0.13416394004772178,0.0008476095646089436,0.0
532,7235,66-80,0,10001-20000,Montréal,Montréal,Rosemont--La Petite-Patrie,H2S,88,3241,3,0.0,0.3142919254658373,0.13416394004772178,0.00124444500698,0.0
533,7248,31-54,0,30001-50000,Montréal,Montréal,Le Plateau-Mont-Royal,H2J,88,3223,1,0.0,0.2851035196687353,0.13416394004772178,0.0008870354703876581,0.0
534,7249,55-65,1,50001-,Chambly,Montérégie,,J3L,113,3224,1,0.0,0.27590269151138563,0.13416394004772178,0.001051315647367024,0.0
535,7293,55-65,1,20001-30000,Montréal,Montréal,Rosemont--La Petite-Patrie,H1X,88,3180,3,0.0,0.2851035196687353,0.13416394004772178,0.0009715413382913107,0.0
536,7301,0,0,10001-20000,Montréal,Montréal,Le Sud-Ouest,H4C,88,3168,1,0.0,0.2851035196687353,0.13416394004772178,0.0008870354703876581,0.0
537,7326,0,0,0,Montréal,Montréal,Montréal-Nord,H1H,88,927,2,0.0,0.30323395445134466,0.13416394004772178,0.0010142734382435049,0.0
538,7327,0,\N,,Montréal,Montréal,Mercier--Hochelaga-Maisonneuve,H1V,88,2434,12,0.0,0.35390062111801385,0.13416394004772178,0.002446021819936149,0.0
539,7328,66-80,0,10001-20000,Longueuil,Montérégie,Le Vieux-Longueuil,J4H,115,3144,1,0.0,0.2798881987577622,0.13416394004772178,0.0008757728922323377,0.0
540,7331,66-80,0,0-10000,Montréal,Montréal,Ville-Marie,H1V,88,3135,1,0.0,0.2851035196687353,0.13416394004772178,0.0008870354703876581,0.0
541,7367,66-80,1,30001-50000,Longueuil,Montérégie,Le Vieux-Longueuil,H0H,115,3101,17,1022.495719492701,0.40349482401656567,0.13416394004772178,0.0012787334367729557,6.0
542,7380,66-80,0,0-10000,Montréal,Montréal,Rosemont--La Petite-Patrie,H1Y,114,3089,15,0.0,0.29461076604554814,0.13416394004772178,0.001347945939265516,0.0
543,7381,66-80,0,50001-,Montréal,Montréal,Le Plateau-Mont-Royal,H2J,114,3090,1,0.0,0.2851035196687353,0.13416394004772178,0.0008870354703876581,0.0
544,7398,31-54,0,50001-,Montréal,Montréal,Rosemont--La Petite-Patrie,H2E,114,3072,1,0.0,0.28114906832297976,0.13416394004772178,0.0009534748785615329,0.0
545,7400,66-80,1,20001-30000,Montréal,Montréal,Mercier--Hochelaga-Maisonneuve,H1N,114,3074,1,0.0,0.2851035196687353,0.13416394004772178,0.0008870354703876581,0.0
546,7414,66-80,1,10001-20000,Montréal,Montréal,Le Plateau-Mont-Royal,H2J,88,3060,2,0.0,0.3283933747412,0.13416394004772178,0.0009486522794978119,0.0
547,7418,31-54,0,30001-50000,Sainte-Thérèse,Laurentides,,J7E,104,3056,1,0.0,0.3283933747412,0.13416394004772178,0.0008967174079668218,0.0
548,7488,55-65,0,30001-50000,Longueuil,Montérégie,Saint-Hubert,J3Y,115,2984,9,0.0,0.25939337474119956,0.13416394004772178,0.0008447825364358316,1.0
549,7555,66-80,0,10001-20000,Montréal,Montréal,Anjou,H1M,114,2912,2,0.0,0.22520565907522694,0.13416394004772178,0.0008504365927820557,0.0
550,7571,66-80,0,0,Longueuil,Montérégie,Greenfield Park,J4N,115,2901,6,2.0,0.2932194616977217,0.13416394004772178,0.0008476095646089436,1.0
551,7582,66-80,1,30001-50000,Montréal,Montréal,Rosemont--La Petite-Patrie,J1G,114,2887,7,0.0,0.3459296066252585,0.13416394004772178,0.0012004844805730806,0.0
552,7610,66-80,0,30001-50000,Estérel,Laurentides,,J0T,104,2885,1,0.0,0.3283933747412,0.13416394004772178,0.0008967174079668218,0.0
553,7624,55-65,1,10001-20000,Montréal,Montréal,Villeray--Saint-Michel--Parc-Extension,H2E,88,2841,2,0.0,0.19856935817805552,0.13416394004772178,0.0015628476924062886,0.0
554,7643,66-80,0,10001-20000,Longueuil,Montérégie,Le Vieux-Longueuil,J4J,115,2826,36,3970.7651756754376,0.41427743271221923,0.13416394004772178,0.0014912800218291667,7.0
555,7696,66-80,0,20001-30000,Laval,Laval,,H7X,104,2774,2,0.0,0.20475017253278355,0.13416394004772178,0.0010043525710959332,0.0
556,7708,31-54,0,30001-50000,Longueuil,Montérégie,Le Vieux-Longueuil,J4J,115,2763,388,15084.129206091056,0.5151884057970993,0.13416394004772178,0.01606926025017694,6.0
557,7805,55-65,0,10001-20000,Montréal,Montréal,Mercier--Hochelaga-Maisonneuve,H1V,114,2662,8,0.0,0.3430890269151143,0.13416394004772178,0.0013982391969629547,0.0
558,7807,0,\N,,Montréal,Montréal,Montréal-Nord,H1H,104,2659,142,617.0289250635119,0.3690600414078696,0.13416394004772178,0.011590603606124104,7.0
559,7833,55-65,1,20001-30000,Montréal,Montréal,Ville-Marie,H2L,88,2630,1,0.0,0.2851035196687353,0.13416394004772178,0.0008870354703876581,0.0
560,8060,66-80,0,0,Montréal,Montréal,Mercier--Hochelaga-Maisonneuve,H1N,88,2397,1,0.0,0.3283933747412,0.13416394004772178,0.0008967174079668218,0.0
561,8427,66-80,0,10001-20000,Montréal,Montréal,Ahuntsic-Cartierville,H3L,104,2027,1,0.0,0.3426997929606623,0.13416394004772178,0.0008976222671082491,0.0
562,8440,31-54,0,50001-,Longueuil,Montérégie,Le Vieux-Longueuil,J4L,88,2014,4,0.0,0.3283933747412,0.13416394004772178,0.001052522022559792,0.0
563,8467,55-65,0,10001-20000,Montréal,Montréal,Rivière-des-Prairies--Pointe-aux-Trembles,H1E,113,1987,1,0.0,0.3283933747412,0.13416394004772178,0.0008967174079668218,0.0
564,8502,66-80,0,50001-,Montréal,Montréal,Montréal-Nord,H1H,104,1943,3,0.0,0.3357846790890262,0.13416394004772178,0.0009812232758704745,0.0
565,8559,66-80,0,10001-20000,Montréal,Montréal,Montréal-Nord,H1H,104,1892,3,0.0,0.3283933747412,0.13416394004772178,0.001000587151028802,0.0
566,8619,55-65,0,10001-20000,Montréal,Montréal,Mercier--Hochelaga-Maisonneuve,H1X,104,1827,1,0.0,0.3283933747412,0.13416394004772178,0.0008967174079668218,0.0
567,8633,55-65,1,10001-20000,Montréal,Montréal,Rosemont--La Petite-Patrie,H2G,114,1816,1,0.0,0.2708592132505164,0.13416394004772178,0.0009100611869786004,0.0
568,8869,31-54,1,50001-,Montréal,Montréal,Mercier--Hochelaga-Maisonneuve,H1W,88,1585,1,0.0,0.2851035196687353,0.13416394004772178,0.0008870354703876581,0.0
569,8934,81-95,0,0,Montréal,Montréal,Mercier--Hochelaga-Maisonneuve,H1V,88,1518,2,0.0,0.28114906832297976,0.13416394004772178,0.001062167220687234,0.0
570,9214,31-54,1,20001-30000,Trois-Rivières,Mauricie,Pointe du Lac,G9B,86,1239,1,0.0,0.22357211870255406,0.13416394004772178,0.0012103524274342382,0.0
571,9251,31-54,0,20001-30000,Longueuil,Montérégie,Le Vieux-Longueuil,J4J,115,1178,3,528.0,0.29254037267080546,0.13416394004772178,0.0008601644494080155,1.0
572,9333,55-65,0,0-10000,Montréal,Montréal,Montréal-Nord,H1H,104,952,1,0.0,0.3283933747412,0.13416394004772178,0.0008967174079668218,0.0
573,9471,81-95,0,30001-50000,Trois-Rivières,Mauricie,Trois-Rivières Centre,G8Y,92,1092,1,0.0,0.22357211870255406,0.13416394004772178,0.0012103524274342382,0.0
574,10126,66-80,0,10001-20000,Beauceville,Chaudière-Appalaches,,G5X,104,612,2,0.0,0.3283933747412,0.13416394004772178,0.0009486522794978119,0.0
575,10277,66-80,1,20001-30000,Québec,Capitale-Nationale,Ste-Foy-Sillery-Cap-Rouge,G1S,2,677,1,0.0,0.28810559006210973,0.13416394004772178,0.0008488670275225092,0.0
